"Country","Jurisdiction","Current date","Outdated coding in days (avg.)","Flagged days (total)","Forgotten boxes (total)","C1: School closing","C2: Workplace closing","C3: Cancel public events","C4: Restrictions on gatherings","C5: Close public transport","C6: Stay at home requirements","C7: Restrictions on internal movement","C8: International travel controls","E1: Income support","E2: Debt/contract relief","E3: Fiscal measures","E4: International support","H1: Public information campaigns","H2: Testing policy","H3: Contact tracing","H4: Emergency investment in healthcare","H5: Investment in vaccines","H6: Facial Coverings","H7: Vaccination policy","H8: Protection of elderly people","Missing days (avg.)"
"Afghanistan","National Government",2022-05-04,9,0,"0",2022-04-25,2022-04-25,2022-04-25,2022-04-25,2022-04-25,2022-04-25,2022-04-25,2022-04-25,2022-04-25,2022-04-25,2021-08-08,2021-08-08,2022-04-25,2022-04-25,2022-04-25,2021-08-08,2022-04-25,2022-04-25,2022-04-25,2022-04-25,9
"Albania","National Government",2022-05-04,16,0,"0",2022-04-18,2022-04-18,2022-04-18,2022-04-18,2022-04-18,2022-04-18,2022-04-18,2022-04-18,2022-04-18,2022-04-18,2021-08-13,2021-08-13,2022-04-18,2022-04-18,2022-04-18,2021-08-13,2022-03-14,2022-04-18,2022-04-18,2022-04-18,16
"Algeria","National Government",2022-05-04,9,0,"0",2022-04-25,2022-04-25,2022-04-25,2022-04-25,2022-04-25,2022-04-25,2022-04-25,2022-04-25,2022-04-25,2022-04-25,2021-07-12,2021-07-12,2022-04-25,2022-04-25,2022-04-25,2021-07-12,2022-04-25,2022-04-25,2022-04-25,2022-04-25,9
"Andorra","National Government",2022-05-04,2,0,"0",2022-05-02,2022-05-02,2022-05-02,2022-05-02,2022-05-02,2022-05-02,2022-05-02,2022-05-02,2022-05-02,2022-05-02,2021-08-02,2021-08-02,2022-05-02,2022-05-02,2022-05-02,2021-08-02,2022-05-02,2022-05-02,2022-05-02,2022-05-02,2
"Angola","National Government",2022-05-04,2,1,"0",2022-05-02,2022-05-02,2022-05-02,2022-05-02,2022-05-02,2022-05-02,2022-05-02,2022-05-02,2022-05-02,2022-05-02,2021-07-27,2021-07-27,2022-05-02,2022-05-02,2022-05-02,2021-07-27,2022-04-08,2022-05-02,2022-05-02,2022-05-02,2
"Argentina","National Government",2022-05-04,16,0,"0",2022-04-18,2022-04-18,2022-04-18,2022-04-18,2022-04-18,2022-04-18,2022-04-18,2022-04-18,2022-04-18,2022-04-18,2021-08-16,2021-08-16,2022-04-18,2022-04-18,2022-04-18,2021-08-16,2022-04-18,2022-04-18,2022-04-18,2022-04-18,16
"Aruba","National Government",2022-05-04,10,1,"0",2022-04-24,2022-04-24,2022-04-24,2022-04-24,2022-04-24,2022-04-24,2022-04-24,2022-04-24,2022-04-24,2022-04-24,2021-08-03,2021-08-03,2022-04-24,2022-04-24,2022-04-24,2021-08-03,2022-04-24,2022-04-24,2022-04-24,2022-04-24,10
"Australia","Queensland",2022-05-04,23,0,"7",2022-04-11,2022-04-11,2022-04-11,2022-04-11,2022-04-11,2022-04-11,2022-04-11,2022-04-11,2022-04-11,2022-04-11,2021-01-31,2021-01-31,2022-04-11,2022-04-11,2022-04-11,2021-01-31,2021-01-31,2022-04-11,2022-04-11,2022-04-11,23.4375
"Australia","Australian Capital Territory",2022-05-04,15,0,"145",2022-04-19,2022-04-19,2022-04-19,2022-04-19,2022-04-19,2022-04-19,2022-04-19,2022-04-19,2022-04-19,2022-04-19,2021-02-28,2021-02-28,2022-04-19,2022-04-19,2022-04-19,2021-02-28,2022-03-25,2022-04-19,2022-04-19,2022-04-19,24.0625
"Australia","South Australia",2022-05-04,15,0,"7",2022-04-19,2022-04-19,2022-04-19,2022-04-19,2022-04-19,2022-04-19,2022-04-19,2022-04-19,2022-04-19,2022-04-19,-Inf,-Inf,2022-04-19,2022-04-19,2022-04-19,-Inf,-Inf,2022-04-19,2022-04-19,2022-04-19,15.4375
"Australia","Tasmania",2022-05-04,15,0,"53",2022-04-19,2022-04-19,2022-04-19,2022-04-19,2022-04-19,2022-04-19,2022-04-19,2022-04-19,2022-04-19,2022-04-19,2021-03-31,2021-03-31,2022-04-19,2022-04-19,2022-04-19,2021-03-31,2021-03-31,2022-04-19,2022-04-19,2022-04-19,18.3125
"Australia","Western Australia",2022-05-04,15,0,"154",2022-04-19,2022-04-19,2022-04-19,2022-04-19,2022-04-19,2022-04-19,2022-04-19,2022-04-19,2022-04-19,2022-04-19,-Inf,-Inf,2022-04-19,2022-04-19,2022-04-19,-Inf,-Inf,2022-04-19,2022-04-19,2022-04-19,24.625
"Australia","Northern Territory",2022-05-04,14,0,"79",2022-04-20,2022-04-20,2022-04-20,2022-04-20,2022-04-20,2022-04-20,2022-04-20,2022-04-20,2022-04-20,2022-04-20,2021-04-16,2021-04-16,2022-04-20,2022-04-20,2022-04-20,2021-04-16,2021-04-16,2022-04-20,2022-04-20,2022-04-20,18.9375
"Australia","Victoria",2022-05-04,13,0,"122",2022-04-27,2022-04-27,2022-04-27,2022-04-27,2022-04-19,2022-04-19,2022-04-19,2022-04-19,2022-04-19,2022-04-19,2021-02-14,2021-02-14,2022-04-19,2022-04-19,2022-04-19,2021-02-14,2022-01-21,2022-04-19,2022-04-19,2022-04-19,20.625
"Australia","New South Wales",2022-05-04,7,0,"9",2022-04-27,2022-04-27,2022-04-27,2022-04-27,2022-04-27,2022-04-27,2022-04-27,2022-04-27,2022-04-27,2022-04-27,-Inf,-Inf,2022-04-27,2022-04-27,2022-04-27,2021-02-18,2022-03-07,2022-04-27,2022-04-27,2022-04-27,7.5625
"Australia","National Government",2022-05-04,1,0,"0",2022-05-03,2022-05-03,2022-05-03,2022-05-03,2022-05-03,2022-05-03,2022-05-03,2022-05-03,2022-05-03,2022-05-03,2021-08-13,2021-08-13,2022-05-03,2022-05-03,2022-05-03,2021-08-13,2022-05-03,2022-05-03,2022-05-03,2022-05-03,1
"Austria","National Government",2022-05-04,2,0,"63",2022-05-02,2022-05-02,2022-05-02,2022-05-02,2022-05-02,2022-05-02,2022-05-02,2022-05-02,2022-05-02,2022-05-02,2021-08-13,2021-08-13,2022-05-02,2022-05-02,2022-05-02,2021-08-13,2022-05-02,2022-05-02,2022-05-02,2022-05-02,5.9375
"Azerbaijan","National Government",2022-05-04,3.75,3,"0",2022-05-02,2022-04-30,2022-04-30,2022-04-30,2022-04-30,2022-04-30,2022-04-30,2022-04-30,2022-04-30,2022-04-30,2021-08-17,2021-08-17,2022-04-30,2022-04-30,2022-04-30,2021-08-17,2022-04-30,2022-05-02,2022-04-30,2022-04-30,3.75
"Bahamas","National Government",2022-05-04,2,0,"0",2022-05-02,2022-05-02,2022-05-02,2022-05-02,2022-05-02,2022-05-02,2022-05-02,2022-05-02,2022-05-02,2022-05-02,2021-08-01,2021-08-01,2022-05-02,2022-05-02,2022-05-02,2021-08-01,2022-05-02,2022-05-02,2022-05-02,2022-05-02,2
"Bahrain","National Government",2022-05-04,9,1,"16",2022-04-25,2022-04-25,2022-04-25,2022-04-25,2022-04-25,2022-04-25,2022-04-25,2022-04-25,2022-04-25,2022-04-25,2021-08-16,2021-08-16,2022-04-25,2022-04-25,2022-04-25,2021-08-16,2022-04-03,2022-04-25,2022-04-25,2022-04-25,10
"Bangladesh","National Government",2022-05-04,23,0,"0",2022-04-11,2022-04-11,2022-04-11,2022-04-11,2022-04-11,2022-04-11,2022-04-11,2022-04-11,2022-04-11,2022-04-11,2021-07-28,2021-07-28,2022-04-11,2022-04-11,2022-04-11,2021-07-22,2022-04-11,2022-04-11,2022-04-11,2022-04-11,23
"Barbados","National Government",2022-05-04,2,0,"0",2022-05-02,2022-05-02,2022-05-02,2022-05-02,2022-05-02,2022-05-02,2022-05-02,2022-05-02,2022-05-02,2022-05-02,2021-08-16,2021-08-16,2022-05-02,2022-05-02,2022-05-02,2021-08-16,2022-03-28,2022-05-02,2022-05-02,2022-05-02,2
"Belarus","National Government",2022-05-04,2,0,"0",2022-05-02,2022-05-02,2022-05-02,2022-05-02,2022-05-02,2022-05-02,2022-05-02,2022-05-02,2022-05-02,2022-05-02,2021-08-16,2021-08-16,2022-05-02,2022-05-02,2022-05-02,2021-08-16,2022-05-02,2022-05-02,2022-05-02,2022-05-02,2
"Belgium","National Government",2022-05-04,5,0,"0",2022-04-29,2022-04-29,2022-04-29,2022-04-29,2022-04-29,2022-04-29,2022-04-29,2022-04-29,2022-04-29,2022-04-29,2021-08-16,2021-08-16,2022-04-29,2022-04-29,2022-04-29,2021-08-16,2022-04-29,2022-04-29,2022-04-29,2022-04-29,5
"Belize","National Government",2022-05-04,34.125,0,"0",2022-04-01,2022-04-01,2022-04-01,2022-04-01,2022-04-01,2022-04-01,2022-04-01,2022-04-01,2022-04-01,2022-04-01,2021-08-09,2021-08-09,2022-04-01,2022-04-01,2022-03-14,2021-08-09,2022-04-01,2022-04-01,2022-04-01,2022-04-01,34.125
"Benin","National Government",2022-05-04,3.5,0,"0",2022-04-30,2022-04-30,2022-04-30,2022-04-30,2022-04-30,2022-04-30,2022-04-30,2022-04-30,2022-05-01,2022-05-01,2021-08-15,2021-08-15,2022-05-01,2022-05-01,2022-05-01,2021-08-15,2022-05-01,2022-05-01,2022-05-01,2022-05-01,3.5
"Bermuda","National Government",2022-05-04,9,0,"0",2022-04-25,2022-04-25,2022-04-25,2022-04-25,2022-04-25,2022-04-25,2022-04-25,2022-04-25,2022-04-25,2022-04-25,2021-08-02,2021-08-02,2022-04-25,2022-04-25,2022-04-25,2021-08-02,2022-04-25,2022-04-25,2022-04-25,2022-04-25,9
"Bhutan","National Government",2022-05-04,16,3,"0",2022-04-18,2022-04-18,2022-04-18,2022-04-18,2022-04-18,2022-04-18,2022-04-18,2022-04-18,2022-04-18,2022-04-18,2021-08-09,2021-08-09,2022-04-18,2022-04-18,2022-04-18,2021-08-09,2022-04-18,2022-04-18,2022-04-18,2022-04-18,16
"Bolivia","National Government",2022-05-04,10,0,"0",2022-04-24,2022-04-24,2022-04-24,2022-04-24,2022-04-24,2022-04-24,2022-04-24,2022-04-24,2022-04-24,2022-04-24,2021-07-26,2021-07-26,2022-04-24,2022-04-24,2022-04-24,2021-07-26,2022-04-24,2022-04-24,2022-04-24,2022-04-24,10
"Bosnia and Herzegovina","National Government",2022-05-04,3,1,"0",2022-05-01,2022-05-01,2022-05-01,2022-05-01,2022-05-01,2022-05-01,2022-05-01,2022-05-01,2022-05-01,2022-05-01,2021-08-17,2021-08-17,2022-05-01,2022-05-01,2022-05-01,2021-08-17,2022-03-27,2022-05-01,2022-05-01,2022-05-01,3
"Botswana","National Government",2022-05-04,16,0,"0",2022-04-18,2022-04-18,2022-04-18,2022-04-18,2022-04-18,2022-04-18,2022-04-18,2022-04-18,2022-04-18,2022-04-18,2021-08-09,2021-08-09,2022-04-18,2022-04-18,2022-04-18,2021-08-09,2022-04-18,2022-04-18,2022-04-18,2022-04-18,16
"Brazil","Distrito Federal",2022-05-04,Inf,0,"-Inf",-Inf,-Inf,-Inf,-Inf,-Inf,-Inf,-Inf,-Inf,-Inf,-Inf,-Inf,-Inf,-Inf,-Inf,-Inf,-Inf,-Inf,-Inf,-Inf,-Inf,855
"Brazil","Santa Catarina",2022-05-04,479.625,0,"72",2020-12-29,2020-12-29,2020-12-29,2020-12-29,2020-12-29,2020-12-29,2020-12-29,2020-12-29,2020-12-29,2020-12-29,-Inf,-Inf,2020-12-29,2021-03-29,2020-12-29,-Inf,-Inf,2020-12-29,2021-04-02,2020-12-27,484.125
"Brazil","Minas Gerais",2022-05-04,64.6875,0,"73",2022-03-01,2022-03-01,2022-03-01,2022-03-01,2022-03-01,2022-03-01,2022-03-01,2022-03-01,2022-03-01,2022-02-25,-Inf,-Inf,2022-03-01,2022-03-01,2022-03-01,-Inf,-Inf,2022-03-01,2022-02-22,2022-03-01,69.25
"Brazil","Acre",2022-05-04,64.25,0,"2",2022-03-01,2022-03-01,2022-03-01,2022-03-01,2022-03-01,2022-03-01,2022-03-01,2022-03-01,2022-03-01,2022-02-25,-Inf,-Inf,2022-03-01,2022-03-01,2022-03-01,-Inf,-Inf,2022-03-01,2022-03-01,2022-03-01,64.375
"Brazil","Alagoas",2022-05-04,64.25,0,"63",2022-03-01,2022-03-01,2022-03-01,2022-03-01,2022-03-01,2022-03-01,2022-03-01,2022-03-01,2022-03-01,2022-02-25,-Inf,-Inf,2022-03-01,2022-03-01,2022-03-01,-Inf,-Inf,2022-03-01,2022-03-01,2022-03-01,68.1875
"Brazil","Amazonas",2022-05-04,64.25,0,"1",2022-03-01,2022-03-01,2022-03-01,2022-03-01,2022-03-01,2022-03-01,2022-03-01,2022-03-01,2022-03-01,2022-02-25,-Inf,-Inf,2022-03-01,2022-03-01,2022-03-01,-Inf,-Inf,2022-03-01,2022-03-01,2022-03-01,64.3125
"Brazil","Amapa",2022-05-04,64.25,0,"1",2022-03-01,2022-03-01,2022-03-01,2022-03-01,2022-03-01,2022-03-01,2022-03-01,2022-03-01,2022-03-01,2022-02-25,-Inf,-Inf,2022-03-01,2022-03-01,2022-03-01,-Inf,-Inf,2022-03-01,2022-03-01,2022-03-01,64.3125
"Brazil","Bahia",2022-05-04,64.25,0,"1",2022-03-01,2022-03-01,2022-03-01,2022-03-01,2022-03-01,2022-03-01,2022-03-01,2022-03-01,2022-03-01,2022-02-25,-Inf,-Inf,2022-03-01,2022-03-01,2022-03-01,-Inf,-Inf,2022-03-01,2022-03-01,2022-03-01,64.3125
"Brazil","Ceara",2022-05-04,64.25,0,"1",2022-03-01,2022-03-01,2022-03-01,2022-03-01,2022-03-01,2022-03-01,2022-03-01,2022-03-01,2022-03-01,2022-02-25,-Inf,-Inf,2022-03-01,2022-03-01,2022-03-01,-Inf,-Inf,2022-03-01,2022-03-01,2022-03-01,64.3125
"Brazil","Espirito Santo",2022-05-04,64.25,0,"3",2022-03-01,2022-03-01,2022-03-01,2022-03-01,2022-03-01,2022-03-01,2022-03-01,2022-03-01,2022-03-01,2022-02-25,-Inf,-Inf,2022-03-01,2022-03-01,2022-03-01,-Inf,-Inf,2022-03-01,2022-03-01,2022-03-01,64.4375
"Brazil","Goias",2022-05-04,64.25,0,"1",2022-03-01,2022-03-01,2022-03-01,2022-03-01,2022-03-01,2022-03-01,2022-03-01,2022-03-01,2022-03-01,2022-02-25,-Inf,-Inf,2022-03-01,2022-03-01,2022-03-01,-Inf,-Inf,2022-03-01,2022-03-01,2022-03-01,64.3125
"Brazil","Maranhao",2022-05-04,64.25,0,"7",2022-03-01,2022-03-01,2022-03-01,2022-03-01,2022-03-01,2022-03-01,2022-03-01,2022-03-01,2022-03-01,2022-02-25,-Inf,-Inf,2022-03-01,2022-03-01,2022-03-01,-Inf,-Inf,2022-03-01,2022-03-01,2022-03-01,64.6875
"Brazil","Mato Grosso do Sul",2022-05-04,64.25,0,"21",2022-03-01,2022-03-01,2022-03-01,2022-03-01,2022-03-01,2022-03-01,2022-03-01,2022-03-01,2022-03-01,2022-02-25,-Inf,-Inf,2022-03-01,2022-03-01,2022-03-01,-Inf,-Inf,2022-03-01,2022-03-01,2022-03-01,65.5625
"Brazil","Mato Grosso",2022-05-04,64.25,0,"3",2022-03-01,2022-03-01,2022-03-01,2022-03-01,2022-03-01,2022-03-01,2022-03-01,2022-03-01,2022-03-01,2022-02-25,-Inf,-Inf,2022-03-01,2022-03-01,2022-03-01,-Inf,-Inf,2022-03-01,2022-03-01,2022-03-01,64.4375
"Brazil","Para",2022-05-04,64.25,0,"2",2022-03-01,2022-03-01,2022-03-01,2022-03-01,2022-03-01,2022-03-01,2022-03-01,2022-03-01,2022-03-01,2022-02-25,-Inf,-Inf,2022-03-01,2022-03-01,2022-03-01,-Inf,-Inf,2022-03-01,2022-03-01,2022-03-01,64.375
"Brazil","Paraiba",2022-05-04,64.25,0,"1",2022-03-01,2022-03-01,2022-03-01,2022-03-01,2022-03-01,2022-03-01,2022-03-01,2022-03-01,2022-03-01,2022-02-25,-Inf,-Inf,2022-03-01,2022-03-01,2022-03-01,-Inf,-Inf,2022-03-01,2022-03-01,2022-03-01,64.3125
"Brazil","Pernambuco",2022-05-04,64.25,0,"1",2022-03-01,2022-03-01,2022-03-01,2022-03-01,2022-03-01,2022-03-01,2022-03-01,2022-03-01,2022-03-01,2022-02-25,-Inf,-Inf,2022-03-01,2022-03-01,2022-03-01,-Inf,-Inf,2022-03-01,2022-03-01,2022-03-01,64.3125
"Brazil","Piaui",2022-05-04,64.25,0,"1",2022-03-01,2022-03-01,2022-03-01,2022-03-01,2022-03-01,2022-03-01,2022-03-01,2022-03-01,2022-03-01,2022-02-25,-Inf,-Inf,2022-03-01,2022-03-01,2022-03-01,-Inf,-Inf,2022-03-01,2022-03-01,2022-03-01,64.3125
"Brazil","Parana",2022-05-04,64.25,0,"2",2022-03-01,2022-03-01,2022-03-01,2022-03-01,2022-03-01,2022-03-01,2022-03-01,2022-03-01,2022-03-01,2022-02-25,-Inf,-Inf,2022-03-01,2022-03-01,2022-03-01,-Inf,-Inf,2022-03-01,2022-03-01,2022-03-01,64.375
"Brazil","Rio de Janeiro",2022-05-04,64.25,0,"28",2022-03-01,2022-03-01,2022-03-01,2022-03-01,2022-03-01,2022-03-01,2022-03-01,2022-03-01,2022-03-01,2022-02-25,-Inf,-Inf,2022-03-01,2022-03-01,2022-03-01,-Inf,-Inf,2022-03-01,2022-03-01,2022-03-01,66
"Brazil","Rio Grande do Norte",2022-05-04,64.25,0,"72",2022-03-01,2022-03-01,2022-03-01,2022-03-01,2022-03-01,2022-03-01,2022-03-01,2022-03-01,2022-03-01,2022-02-25,-Inf,-Inf,2022-03-01,2022-03-01,2022-03-01,-Inf,-Inf,2022-03-01,2022-03-01,2022-03-01,68.75
"Brazil","Rondonia",2022-05-04,64.25,0,"1",2022-03-01,2022-03-01,2022-03-01,2022-03-01,2022-03-01,2022-03-01,2022-03-01,2022-03-01,2022-03-01,2022-02-25,-Inf,-Inf,2022-03-01,2022-03-01,2022-03-01,-Inf,-Inf,2022-03-01,2022-03-01,2022-03-01,64.3125
"Brazil","Roraima",2022-05-04,64.25,0,"1",2022-03-01,2022-03-01,2022-03-01,2022-03-01,2022-03-01,2022-03-01,2022-03-01,2022-03-01,2022-03-01,2022-02-25,-Inf,-Inf,2022-03-01,2022-03-01,2022-03-01,-Inf,-Inf,2022-03-01,2022-03-01,2022-03-01,64.3125
"Brazil","Rio Grande do Sul",2022-05-04,64.25,0,"2",2022-03-01,2022-03-01,2022-03-01,2022-03-01,2022-03-01,2022-03-01,2022-03-01,2022-03-01,2022-03-01,2022-02-25,-Inf,-Inf,2022-03-01,2022-03-01,2022-03-01,-Inf,-Inf,2022-03-01,2022-03-01,2022-03-01,64.375
"Brazil","Sergipe",2022-05-04,64.25,0,"5",2022-03-01,2022-03-01,2022-03-01,2022-03-01,2022-03-01,2022-03-01,2022-03-01,2022-03-01,2022-03-01,2022-02-25,-Inf,-Inf,2022-03-01,2022-03-01,2022-03-01,-Inf,-Inf,2022-03-01,2022-03-01,2022-03-01,64.5625
"Brazil","Sao Paulo",2022-05-04,64.25,0,"4",2022-03-01,2022-03-01,2022-03-01,2022-03-01,2022-03-01,2022-03-01,2022-03-01,2022-03-01,2022-03-01,2022-02-25,-Inf,-Inf,2022-03-01,2022-03-01,2022-03-01,-Inf,-Inf,2022-03-01,2022-03-01,2022-03-01,64.5
"Brazil","Tocantins",2022-05-04,64.25,0,"3",2022-03-01,2022-03-01,2022-03-01,2022-03-01,2022-03-01,2022-03-01,2022-03-01,2022-03-01,2022-03-01,2022-02-25,-Inf,-Inf,2022-03-01,2022-03-01,2022-03-01,-Inf,-Inf,2022-03-01,2022-03-01,2022-03-01,64.4375
"Brazil","National Government",2022-05-04,23.125,0,"0",2022-04-11,2022-04-11,2022-04-11,2022-04-11,2022-04-11,2022-04-11,2022-04-11,2022-04-11,2022-04-10,2022-04-10,2021-06-21,2021-06-21,2022-04-11,2022-04-11,2022-04-11,2021-06-21,2022-04-11,2022-04-11,2022-04-11,2022-04-11,23.125
"Brunei","National Government",2022-05-04,12,0,"0",2022-04-22,2022-04-22,2022-04-22,2022-04-22,2022-04-22,2022-04-22,2022-04-22,2022-04-22,2022-04-22,2022-04-22,2021-08-12,2021-08-12,2022-04-22,2022-04-22,2022-04-22,2021-08-12,2022-04-22,2022-04-22,2022-04-22,2022-04-22,12
"Bulgaria","National Government",2022-05-04,2,0,"0",2022-05-02,2022-05-02,2022-05-02,2022-05-02,2022-05-02,2022-05-02,2022-05-02,2022-05-02,2022-05-02,2022-05-02,2021-08-03,2021-08-03,2022-05-02,2022-05-02,2022-05-02,2021-08-03,2022-05-02,2022-05-02,2022-05-02,2022-05-02,2
"Burkina Faso","National Government",2022-05-04,3,0,"0",2022-05-01,2022-05-01,2022-05-01,2022-05-01,2022-05-01,2022-05-01,2022-05-01,2022-05-01,2022-05-01,2022-05-01,2021-08-16,2021-08-16,2022-05-01,2022-05-01,2022-05-01,2021-08-16,2022-05-01,2022-05-01,2022-05-01,2022-05-01,3
"Burundi","National Government",2022-05-04,2,0,"0",2022-05-02,2022-05-02,2022-05-02,2022-05-02,2022-05-02,2022-05-02,2022-05-02,2022-05-02,2022-05-02,2022-05-02,2021-08-16,2021-08-16,2022-05-02,2022-05-02,2022-05-02,2021-08-16,2022-05-02,2022-05-02,2022-05-02,2022-05-02,2
"Cambodia","National Government",2022-05-04,16,2,"0",2022-04-18,2022-04-18,2022-04-18,2022-04-18,2022-04-18,2022-04-18,2022-04-18,2022-04-18,2022-04-18,2022-04-18,2021-08-14,2021-08-14,2022-04-18,2022-04-18,2022-04-18,2021-08-14,2022-04-18,2022-04-18,2022-04-18,2022-04-18,16
"Cameroon","National Government",2022-05-04,2,0,"0",2022-05-02,2022-05-02,2022-05-02,2022-05-02,2022-05-02,2022-05-02,2022-05-02,2022-05-02,2022-05-02,2022-05-02,2021-08-14,2021-08-14,2022-05-02,2022-05-02,2022-05-02,2021-08-14,2022-05-02,2022-05-02,2022-05-02,2022-05-02,2
"Canada","Nunavut",2022-05-04,72.875,0,"13",2022-02-20,2022-02-20,2022-02-20,2022-02-20,2022-02-20,2022-02-20,2022-02-20,2022-02-22,2022-02-20,2022-02-20,2021-08-03,2021-08-03,2022-02-20,2022-02-20,2022-02-20,2021-08-03,2022-02-20,2022-02-20,2022-02-20,2022-02-20,73.6875
"Canada","Quebec",2022-05-04,50,0,"13",2022-03-15,2022-03-15,2022-03-15,2022-03-15,2022-03-15,2022-03-15,2022-03-15,2022-03-15,2022-03-15,2022-03-15,2021-07-06,2021-07-06,2022-03-15,2022-03-15,2022-03-15,2021-07-06,2022-03-15,2022-03-15,2022-03-15,2022-03-15,50.8125
"Canada","New Brunswick",2022-05-04,48.8125,5,"13",2022-03-13,2022-03-14,2022-03-14,2022-03-14,2022-03-13,2022-03-14,2022-03-13,2022-03-13,2022-03-13,2022-03-13,2021-08-15,2021-08-15,2022-04-05,2022-04-05,2022-03-13,2021-08-15,2022-03-13,2022-03-14,2022-03-13,2022-03-13,49.625
"Canada","Nova Scotia",2022-05-04,38,0,"13",2022-03-27,2022-03-27,2022-03-27,2022-03-27,2022-03-27,2022-03-27,2022-03-27,2022-03-27,2022-03-27,2022-03-27,2021-08-16,2021-08-16,2022-03-27,2022-03-27,2022-03-27,2021-08-16,2022-03-27,2022-03-27,2022-03-27,2022-03-27,38.8125
"Canada","Newfoundland and Labrador",2022-05-04,34,7,"38",2022-03-31,2022-03-31,2022-03-31,2022-03-31,2022-03-31,2022-03-31,2022-03-31,2022-03-31,2022-03-31,2022-03-31,2021-08-15,2021-08-15,2022-03-31,2022-03-31,2022-03-31,2021-08-15,2022-03-31,2022-03-31,2022-03-31,2022-03-31,36.375
"Canada","Saskatchewan",2022-05-04,28.25,0,"258",2022-04-11,2022-04-11,2022-04-11,2022-04-11,2022-04-11,2022-04-11,2022-04-11,2022-04-11,2022-02-28,2022-02-28,2021-07-13,2021-07-13,2022-04-11,2022-04-11,2022-04-11,2021-06-14,2022-04-18,2022-04-11,2022-04-11,2022-04-11,44.375
"Canada","Yukon",2022-05-04,24.125,0,"13",2022-04-11,2022-04-11,2022-04-11,2022-04-11,2022-04-11,2022-04-11,2022-04-11,2022-03-24,2022-04-11,2022-04-11,2021-08-04,2021-08-04,2022-04-11,2022-04-11,2022-04-11,2021-08-04,2022-04-22,2022-04-11,2022-04-11,2022-04-11,24.9375
"Canada","Alberta",2022-05-04,23,0,"26",2022-04-11,2022-04-11,2022-04-11,2022-04-11,2022-04-11,2022-04-11,2022-04-11,2022-04-11,2022-04-11,2022-04-11,2021-08-16,2021-08-16,2022-04-11,2022-04-11,2022-04-11,2021-08-16,2022-05-02,2022-04-11,2022-04-11,2022-04-11,24.625
"Canada","British Columbia",2022-05-04,23,7,"13",2022-04-11,2022-04-11,2022-04-11,2022-04-11,2022-04-11,2022-04-11,2022-04-11,2022-04-11,2022-04-11,2022-04-11,2021-08-16,2021-08-16,2022-04-11,2022-04-11,2022-04-11,2021-08-16,2021-08-22,2022-04-11,2022-04-11,2022-04-11,23.8125
"Canada","Manitoba",2022-05-04,23,0,"253",2022-04-11,2022-04-11,2022-04-11,2022-04-11,2022-04-11,2022-04-11,2022-04-11,2022-04-11,2022-04-11,2022-04-11,2021-08-16,2021-08-16,2022-04-11,2022-04-11,2022-04-11,2021-08-16,2022-05-01,2022-04-11,2022-04-11,2022-04-11,38.8125
"Canada","Northwest Territories",2022-05-04,23,0,"44",2022-04-11,2022-04-11,2022-04-11,2022-04-11,2022-04-11,2022-04-11,2022-04-11,2022-04-11,2022-04-11,2022-04-11,2021-08-15,2021-08-15,2022-04-11,2022-04-11,2022-04-11,2021-08-15,2022-05-03,2022-04-11,2022-04-11,2022-04-11,25.75
"Canada","Ontario",2022-05-04,23,0,"20",2022-04-11,2022-04-11,2022-04-11,2022-04-11,2022-04-11,2022-04-11,2022-04-11,2022-04-11,2022-04-11,2022-04-11,2021-06-21,2021-06-21,2022-04-11,2022-04-11,2022-04-11,2021-07-24,2022-04-25,2022-04-11,2022-04-11,2022-04-11,24.25
"Canada","Prince Edward Island",2022-05-04,23,0,"40",2022-04-11,2022-04-11,2022-04-11,2022-04-11,2022-04-11,2022-04-11,2022-04-11,2022-04-11,2022-04-11,2022-04-11,2021-07-23,2021-07-23,2022-04-11,2022-04-11,2022-04-11,2021-07-23,2022-04-11,2022-04-11,2022-04-11,2022-04-11,25.5
"Canada","National Government",2022-05-04,2,2,"0",2022-05-02,2022-05-02,2022-05-02,2022-05-02,2022-05-02,2022-05-02,2022-05-02,2022-05-02,2022-05-02,2022-05-02,2021-08-13,2021-08-13,2022-05-02,2022-05-02,2022-05-02,2021-08-13,2022-05-02,2022-05-02,2022-05-02,2022-05-02,2
"Cape Verde","National Government",2022-05-04,9,0,"0",2022-04-25,2022-04-25,2022-04-25,2022-04-25,2022-04-25,2022-04-25,2022-04-25,2022-04-25,2022-04-25,2022-04-25,2021-07-12,2021-07-12,2022-04-25,2022-04-25,2022-04-25,2021-07-12,2022-04-25,2022-04-25,2022-04-25,2022-04-25,9
"Central African Republic","National Government",2022-05-04,5,0,"0",2022-04-29,2022-04-29,2022-04-29,2022-04-29,2022-04-29,2022-04-29,2022-04-29,2022-04-29,2022-04-29,2022-04-29,2021-08-09,2021-08-09,2022-04-29,2022-04-29,2022-04-29,2021-08-09,2022-04-29,2022-04-29,2022-04-29,2022-04-29,5
"Chad","National Government",2022-05-04,19,0,"0",2022-04-15,2022-04-15,2022-04-15,2022-04-15,2022-04-15,2022-04-15,2022-04-15,2022-04-15,2022-04-15,2022-04-15,2021-08-09,2021-08-09,2022-04-15,2022-04-15,2022-04-15,2021-08-09,2022-04-15,2022-04-15,2022-04-15,2022-04-15,19
"Chile","National Government",2022-05-04,4,0,"0",2022-04-30,2022-04-30,2022-04-30,2022-04-30,2022-04-30,2022-04-30,2022-04-30,2022-04-30,2022-04-30,2022-04-30,2021-08-15,2021-08-15,2022-04-30,2022-04-30,2022-04-30,2021-08-15,2022-04-17,2022-04-30,2022-04-30,2022-04-30,4
"China","National Government",2022-05-04,24,1,"0",2022-04-10,2022-04-10,2022-04-10,2022-04-10,2022-04-10,2022-04-10,2022-04-10,2022-04-10,2022-04-10,2022-04-10,2021-07-19,2021-07-19,2022-04-10,2022-04-10,2022-04-10,2021-07-19,2022-04-10,2022-04-10,2022-04-10,2022-04-10,24
"China","Shanghai",2022-05-04,22.125,0,"19",2022-04-14,2022-04-14,2022-04-14,2022-04-14,2022-04-14,2022-04-14,2022-04-14,2022-04-14,2022-04-14,2022-03-11,2021-08-16,2021-08-16,2022-04-14,2022-04-14,2022-04-14,2021-08-16,2022-03-11,2022-04-14,2022-04-14,2022-04-14,23.3125
"China","Jiangxi",2022-05-04,18.0625,0,"27",2022-04-19,2022-04-19,2022-04-19,2022-04-19,2022-04-26,2022-04-19,2022-04-19,2022-04-19,2022-04-12,2022-04-12,2021-08-16,2021-08-16,2022-04-12,2022-04-12,2022-04-12,2021-08-16,2022-02-15,2022-04-12,2022-04-12,2022-04-12,19.75
"China","Jiangsu",2022-05-04,16,0,"15",2022-04-18,2022-04-18,2022-04-18,2022-04-18,2022-04-18,2022-04-18,2022-04-18,2022-04-18,2022-04-18,2022-04-18,2021-08-16,2021-08-16,2022-04-18,2022-04-18,2022-04-18,2021-08-16,2022-04-18,2022-04-18,2022-04-18,2022-04-18,16.9375
"China","Guangxi",2022-05-04,13,0,"14",2022-04-21,2022-04-21,2022-04-21,2022-04-21,2022-04-21,2022-04-21,2022-04-21,2022-04-21,2022-04-21,2022-04-21,2021-08-16,2021-08-16,2022-04-21,2022-04-21,2022-04-21,2021-08-16,2022-04-21,2022-04-21,2022-04-21,2022-04-21,13.875
"China","Heilongjiang",2022-05-04,13,0,"14",2022-04-21,2022-04-21,2022-04-21,2022-04-21,2022-04-21,2022-04-21,2022-04-21,2022-04-21,2022-04-21,2022-04-21,2021-08-16,2021-08-16,2022-04-21,2022-04-21,2022-04-21,2021-08-16,2022-04-21,2022-04-21,2022-04-21,2022-04-21,13.875
"China","Yunnan",2022-05-04,13,0,"13",2022-04-21,2022-04-21,2022-04-21,2022-04-21,2022-04-21,2022-04-21,2022-04-21,2022-04-21,2022-04-21,2022-04-21,2021-08-16,2021-08-16,2022-04-21,2022-04-21,2022-04-21,2021-08-16,2022-04-21,2022-04-21,2022-04-21,2022-04-21,13.8125
"China","Shandong",2022-05-04,12.25,0,"13",2022-04-23,2022-04-23,2022-04-23,2022-04-23,2022-04-23,2022-04-23,2022-04-23,2022-04-23,2022-04-23,2022-04-23,2021-08-15,2021-08-15,2022-04-23,2022-04-23,2022-04-03,2021-08-15,2022-04-23,2022-04-23,2022-04-23,2022-04-23,13.0625
"China","Ningxia",2022-05-04,12,0,"13",2022-04-22,2022-04-22,2022-04-22,2022-04-22,2022-04-22,2022-04-22,2022-04-22,2022-04-22,2022-04-22,2022-04-22,2021-08-16,2021-08-16,2022-04-22,2022-04-22,2022-04-22,2021-08-16,2021-11-24,2022-04-22,2022-04-22,2022-04-22,12.8125
"China","Liaoning",2022-05-04,11.625,0,"38",2022-04-26,2022-04-26,2022-04-27,2022-04-27,2022-04-27,2022-04-19,2022-04-27,2022-04-27,2022-04-19,2022-04-19,2021-08-16,2021-08-16,2022-04-19,2022-04-19,2022-04-19,2021-08-16,2022-04-19,2022-04-19,2022-04-19,2022-04-19,14
"China","Hubei",2022-05-04,11.5,0,"13",2022-04-23,2022-04-23,2022-04-23,2022-04-23,2022-04-23,2022-04-23,2022-04-23,2022-04-23,2022-04-23,2022-04-23,2021-08-16,2021-08-16,2022-04-23,2022-04-23,2022-04-23,2021-08-16,2022-04-23,2022-04-15,2022-04-23,2022-04-23,12.3125
"China","Tibet",2022-05-04,10,0,"13",2022-04-24,2022-04-24,2022-04-24,2022-04-24,2022-04-24,2022-04-24,2022-04-24,2022-04-24,2022-04-24,2022-04-24,2021-08-16,2021-08-16,2022-04-24,2022-04-24,2022-04-24,2021-08-16,2022-04-24,2022-04-24,2022-04-24,2022-04-24,10.8125
"China","Shaanxi",2022-05-04,9.1875,0,"18",2022-04-25,2022-04-25,2022-04-25,2022-04-25,2022-04-25,2022-04-25,2022-04-25,2022-04-25,2022-04-25,2022-04-25,2021-08-16,2021-08-16,2022-04-24,2022-04-24,2022-04-24,2021-08-16,2022-04-24,2022-04-25,2022-04-25,2022-04-25,10.3125
"China","Hebei",2022-05-04,8,0,"16",2022-04-26,2022-04-26,2022-04-26,2022-04-26,2022-04-26,2022-04-26,2022-04-26,2022-04-26,2022-04-26,2022-04-26,2021-08-16,2021-08-16,2022-04-26,2022-04-26,2022-04-26,2021-08-16,2022-04-26,2022-04-26,2022-04-26,2022-04-26,9
"China","Anhui",2022-05-04,7,0,"13",2022-04-27,2022-04-27,2022-04-27,2022-04-27,2022-04-27,2022-04-27,2022-04-27,2022-04-27,2022-04-27,2022-04-27,2021-08-16,2021-08-16,2022-04-27,2022-04-27,2022-04-27,2021-08-16,2022-04-27,2022-04-27,2022-04-27,2022-04-27,7.8125
"China","Beijing",2022-05-04,7,0,"13",2022-04-27,2022-04-27,2022-04-27,2022-04-27,2022-04-27,2022-04-27,2022-04-27,2022-04-27,2022-04-27,2022-04-27,2021-08-15,2021-08-15,2022-04-27,2022-04-27,2022-04-27,2021-08-15,2022-04-27,2022-04-27,2022-04-27,2022-04-27,7.8125
"China","Chongqing",2022-05-04,7,0,"13",2022-04-27,2022-04-27,2022-04-27,2022-04-27,2022-04-27,2022-04-27,2022-04-27,2022-04-27,2022-04-27,2022-04-27,2021-08-16,2021-08-16,2022-04-27,2022-04-27,2022-04-27,2021-08-16,2022-04-27,2022-04-27,2022-04-27,2022-04-27,7.8125
"China","Fujian",2022-05-04,7,0,"49",2022-04-27,2022-04-27,2022-04-27,2022-04-27,2022-04-27,2022-04-27,2022-04-27,2022-04-27,2022-04-27,2022-04-27,2021-08-15,2021-08-15,2022-04-27,2022-04-27,2022-04-27,2021-08-15,2022-04-30,2022-04-27,2022-04-27,2022-04-27,10.0625
"China","Guangdong",2022-05-04,7,0,"16",2022-04-27,2022-04-27,2022-04-27,2022-04-27,2022-04-27,2022-04-27,2022-04-27,2022-04-27,2022-04-27,2022-04-27,2021-08-15,2021-08-15,2022-04-27,2022-04-27,2022-04-27,2021-08-15,2022-04-27,2022-04-27,2022-04-27,2022-04-27,8
"China","Gansu",2022-05-04,7,0,"20",2022-04-27,2022-04-27,2022-04-27,2022-04-27,2022-04-27,2022-04-27,2022-04-27,2022-04-27,2022-04-27,2022-04-27,2021-08-16,2021-08-16,2022-04-27,2022-04-27,2022-04-27,2021-08-16,2022-02-16,2022-04-27,2022-04-27,2022-04-27,8.25
"China","Guizhou",2022-05-04,7,0,"13",2022-04-27,2022-04-27,2022-04-27,2022-04-27,2022-04-27,2022-04-27,2022-04-27,2022-04-27,2022-04-27,2022-04-27,2021-08-16,2021-08-16,2022-04-27,2022-04-27,2022-04-27,2021-08-16,2022-04-27,2022-04-27,2022-04-27,2022-04-27,7.8125
"China","Henan",2022-05-04,7,0,"20",2022-04-27,2022-04-27,2022-04-27,2022-04-27,2022-04-27,2022-04-27,2022-04-27,2022-04-27,2022-04-27,2022-04-27,2021-08-16,2021-08-16,2022-04-27,2022-04-27,2022-04-27,2021-08-16,2022-04-28,2022-04-27,2022-04-27,2022-04-27,8.25
"China","Hainan",2022-05-04,7,0,"16",2022-04-27,2022-04-27,2022-04-27,2022-04-27,2022-04-27,2022-04-27,2022-04-27,2022-04-27,2022-04-27,2022-04-27,2021-08-16,2021-08-16,2022-04-27,2022-04-27,2022-04-27,2021-08-16,2022-05-01,2022-04-27,2022-04-27,2022-04-27,8
"China","Hunan",2022-05-04,7,0,"14",2022-04-27,2022-04-27,2022-04-27,2022-04-27,2022-04-27,2022-04-27,2022-04-27,2022-04-27,2022-04-27,2022-04-27,2021-08-17,2021-08-17,2022-04-27,2022-04-27,2022-04-27,2021-08-17,2022-04-28,2022-04-27,2022-04-27,2022-04-27,7.875
"China","Jilin",2022-05-04,7,0,"13",2022-04-27,2022-04-27,2022-04-27,2022-04-27,2022-04-27,2022-04-27,2022-04-27,2022-04-27,2022-04-27,2022-04-27,2021-08-16,2021-08-16,2022-04-27,2022-04-27,2022-04-27,2021-08-16,2022-05-04,2022-04-27,2022-04-27,2022-04-27,7.8125
"China","Inner Mongolia",2022-05-04,7,0,"27",2022-04-27,2022-04-27,2022-04-27,2022-04-27,2022-04-27,2022-04-27,2022-04-27,2022-04-27,2022-04-27,2022-04-27,2021-08-16,2021-08-16,2022-04-27,2022-04-27,2022-04-27,2021-08-16,2022-04-27,2022-04-27,2022-04-27,2022-04-27,8.6875
"China","Qinghai",2022-05-04,7,0,"13",2022-04-27,2022-04-27,2022-04-27,2022-04-27,2022-04-27,2022-04-27,2022-04-27,2022-04-27,2022-04-27,2022-04-27,2021-08-16,2021-08-16,2022-04-27,2022-04-27,2022-04-27,2021-08-16,2022-04-29,2022-04-27,2022-04-27,2022-04-27,7.8125
"China","Sichuan",2022-05-04,7,0,"13",2022-04-27,2022-04-27,2022-04-27,2022-04-27,2022-04-27,2022-04-27,2022-04-27,2022-04-27,2022-04-27,2022-04-27,2021-08-15,2021-08-15,2022-04-27,2022-04-27,2022-04-27,2021-08-15,2022-04-27,2022-04-27,2022-04-27,2022-04-27,7.8125
"China","Shanxi",2022-05-04,7,0,"13",2022-04-27,2022-04-27,2022-04-27,2022-04-27,2022-04-27,2022-04-27,2022-04-27,2022-04-27,2022-04-27,2022-04-27,2021-08-16,2021-08-16,2022-04-27,2022-04-27,2022-04-27,2021-08-16,2022-04-27,2022-04-27,2022-04-27,2022-04-27,7.8125
"China","Tianjin",2022-05-04,7,0,"13",2022-04-27,2022-04-27,2022-04-27,2022-04-27,2022-04-27,2022-04-27,2022-04-27,2022-04-27,2022-04-27,2022-04-27,2021-08-16,2021-08-16,2022-04-27,2022-04-27,2022-04-27,2021-08-16,2022-04-13,2022-04-27,2022-04-27,2022-04-27,7.8125
"China","Xinjiang",2022-05-04,7,0,"13",2022-04-27,2022-04-27,2022-04-27,2022-04-27,2022-04-27,2022-04-27,2022-04-27,2022-04-27,2022-04-27,2022-04-27,2021-08-15,2021-08-15,2022-04-27,2022-04-27,2022-04-27,2021-08-15,2022-04-28,2022-04-27,2022-04-27,2022-04-27,7.8125
"China","Zhejiang",2022-05-04,7,0,"13",2022-04-27,2022-04-27,2022-04-27,2022-04-27,2022-04-27,2022-04-27,2022-04-27,2022-04-27,2022-04-27,2022-04-27,2021-08-16,2021-08-16,2022-04-27,2022-04-27,2022-04-27,2021-08-16,2022-04-27,2022-04-27,2022-04-27,2022-04-27,7.8125
"Colombia","National Government",2022-05-04,9,1,"0",2022-04-25,2022-04-25,2022-04-25,2022-04-25,2022-04-25,2022-04-25,2022-04-25,2022-04-25,2022-04-25,2022-04-25,2021-08-16,2021-08-16,2022-04-25,2022-04-25,2022-04-25,2021-08-16,2022-04-25,2022-04-25,2022-04-25,2022-04-25,9
"Comoros","National Government",2022-05-04,Inf,0,"-Inf",-Inf,-Inf,-Inf,-Inf,-Inf,-Inf,-Inf,-Inf,-Inf,-Inf,-Inf,-Inf,-Inf,-Inf,-Inf,-Inf,-Inf,2020-10-12,2020-12-07,-Inf,815.75
"Congo","National Government",2022-05-04,9,0,"0",2022-04-25,2022-04-25,2022-04-25,2022-04-25,2022-04-25,2022-04-25,2022-04-25,2022-04-25,2022-04-25,2022-04-25,2021-08-16,2021-08-16,2022-04-25,2022-04-25,2022-04-25,2021-08-16,2022-04-25,2022-04-25,2022-04-25,2022-04-25,9
"Costa Rica","National Government",2022-05-04,12,0,"0",2022-04-22,2022-04-22,2022-04-22,2022-04-22,2022-04-22,2022-04-22,2022-04-22,2022-04-22,2022-04-22,2022-04-22,2021-08-17,2021-08-17,2022-04-22,2022-04-22,2022-04-22,2021-08-17,2022-04-22,2022-04-22,2022-04-22,2022-04-22,12
"Cote d'Ivoire","National Government",2022-05-04,9.4375,1,"0",2022-04-24,2022-04-24,2022-04-24,2022-04-24,2022-04-24,2022-04-24,2022-04-24,2022-04-25,2022-04-25,2022-04-25,2021-08-14,2021-08-14,2022-04-25,2022-04-25,2022-04-25,2021-08-14,2022-04-25,2022-04-25,2022-04-25,2022-04-25,9.4375
"Croatia","National Government",2022-05-04,9,0,"0",2022-04-25,2022-04-25,2022-04-25,2022-04-25,2022-04-25,2022-04-25,2022-04-25,2022-04-25,2022-04-25,2022-04-25,2021-08-17,2021-08-17,2022-04-25,2022-04-25,2022-04-25,2021-08-17,2022-02-19,2022-04-25,2022-04-25,2022-04-25,9
"Cuba","National Government",2022-05-04,6,2,"0",2022-04-28,2022-04-28,2022-04-28,2022-04-28,2022-04-28,2022-04-28,2022-04-28,2022-04-28,2022-04-28,2022-04-28,2021-08-08,2021-08-08,2022-04-28,2022-04-28,2022-04-28,2021-08-08,2022-04-28,2022-04-28,2022-04-28,2022-04-28,6
"Cyprus","National Government",2022-05-04,9,0,"0",2022-04-25,2022-04-25,2022-04-25,2022-04-25,2022-04-25,2022-04-25,2022-04-25,2022-04-25,2022-04-25,2022-04-25,2021-08-16,2021-08-16,2022-04-25,2022-04-25,2022-04-25,2021-08-16,2022-04-25,2022-04-25,2022-04-25,2022-04-25,9
"Czech Republic","National Government",2022-05-04,2,2,"0",2022-05-02,2022-05-02,2022-05-02,2022-05-02,2022-05-02,2022-05-02,2022-05-02,2022-05-02,2022-05-02,2022-05-02,2021-07-22,2021-07-22,2022-05-02,2022-05-02,2022-05-02,2021-07-22,2022-05-02,2022-05-02,2022-05-02,2022-05-02,2
"Democratic Republic of Congo","National Government",2022-05-04,9,0,"1",2022-04-25,2022-04-25,2022-04-25,2022-04-25,2022-04-25,2022-04-25,2022-04-25,2022-04-25,2022-04-25,2022-04-25,2021-08-16,2021-08-16,2022-04-25,2022-04-25,2022-04-25,2021-08-16,2022-04-25,2022-04-25,2022-04-25,2022-04-25,9.0625
"Denmark","National Government",2022-05-04,5,0,"3",2022-04-29,2022-04-29,2022-04-29,2022-04-29,2022-04-29,2022-04-29,2022-04-29,2022-04-29,2022-04-29,2022-04-29,2021-08-16,2021-08-16,2022-04-29,2022-04-29,2022-04-29,2021-08-16,2022-04-29,2022-04-29,2022-04-29,2022-04-29,5.1875
"Djibouti","National Government",2022-05-04,2,0,"0",2022-05-02,2022-05-02,2022-05-02,2022-05-02,2022-05-02,2022-05-02,2022-05-02,2022-05-02,2022-05-02,2022-05-02,2021-07-06,2021-07-06,2022-05-02,2022-05-02,2022-05-02,2021-07-06,2022-05-02,2022-05-02,2022-05-02,2022-05-02,2
"Dominica","National Government",2022-05-04,16,0,"0",2022-04-18,2022-04-18,2022-04-18,2022-04-18,2022-04-18,2022-04-18,2022-04-18,2022-04-18,2022-04-18,2022-04-18,2021-08-17,2021-08-17,2022-04-18,2022-04-18,2022-04-18,2021-08-17,2022-04-18,2022-04-18,2022-04-18,2022-04-18,16
"Dominican Republic","National Government",2022-05-04,6,0,"0",2022-04-28,2022-04-28,2022-04-28,2022-04-28,2022-04-28,2022-04-28,2022-04-28,2022-04-28,2022-04-28,2022-04-28,2021-08-10,2021-08-10,2022-04-28,2022-04-28,2022-04-28,2021-08-10,2022-04-28,2022-04-28,2022-04-28,2022-04-28,6
"Ecuador","National Government",2022-05-04,9,1,"0",2022-04-25,2022-04-25,2022-04-25,2022-04-25,2022-04-25,2022-04-25,2022-04-25,2022-04-25,2022-04-25,2022-04-25,2021-08-15,2021-08-15,2022-04-25,2022-04-25,2022-04-25,2021-08-15,2022-04-11,2022-04-25,2022-04-25,2022-04-25,9
"Egypt","National Government",2022-05-04,2,0,"0",2022-05-02,2022-05-02,2022-05-02,2022-05-02,2022-05-02,2022-05-02,2022-05-02,2022-05-02,2022-05-02,2022-05-02,2021-07-06,2021-07-06,2022-05-02,2022-05-02,2022-05-02,2021-07-06,2021-11-08,2022-05-02,2022-05-02,2022-05-02,2
"El Salvador","National Government",2022-05-04,16,0,"0",2022-04-18,2022-04-18,2022-04-18,2022-04-18,2022-04-18,2022-04-18,2022-04-18,2022-04-18,2022-04-18,2022-04-18,2021-08-09,2021-08-09,2022-04-18,2022-04-18,2022-04-18,2021-08-09,2022-04-18,2022-04-18,2022-04-18,2022-04-18,16
"Eritrea","National Government",2022-05-04,1,0,"0",2022-05-03,2022-05-03,2022-05-03,2022-05-03,2022-05-03,2022-05-03,2022-05-03,2022-05-03,2022-05-03,2022-05-03,2021-08-16,2021-08-16,2022-05-03,2022-05-03,2022-05-03,2021-08-16,2022-05-03,2022-05-03,2022-05-03,2022-05-03,1
"Estonia","National Government",2022-05-04,17,0,"0",2022-04-17,2022-04-17,2022-04-17,2022-04-17,2022-04-17,2022-04-17,2022-04-17,2022-04-17,2022-04-17,2022-04-17,2021-07-26,2021-07-26,2022-04-17,2022-04-17,2022-04-17,2021-07-26,2022-04-17,2022-04-17,2022-04-17,2022-04-17,17
"Eswatini","National Government",2022-05-04,9,0,"0",2022-04-25,2022-04-25,2022-04-25,2022-04-25,2022-04-25,2022-04-25,2022-04-25,2022-04-25,2022-04-25,2022-04-25,2021-08-10,2021-08-10,2022-04-25,2022-04-25,2022-04-25,2021-08-10,2022-04-25,2022-04-25,2022-04-25,2022-04-25,9
"Ethiopia","National Government",2022-05-04,1,3,"0",2022-05-03,2022-05-03,2022-05-03,2022-05-03,2022-05-03,2022-05-03,2022-05-03,2022-05-03,2022-05-03,2022-05-03,2021-08-16,2021-08-16,2022-05-03,2022-05-03,2022-05-03,2021-08-16,2022-05-03,2022-05-03,2022-05-03,2022-05-03,1
"Faeroe Islands","National Government",2022-05-04,6,1,"0",2022-04-28,2022-04-28,2022-04-28,2022-04-28,2022-04-28,2022-04-28,2022-04-28,2022-04-28,2022-04-28,2022-04-28,2021-08-02,2021-08-02,2022-04-28,2022-04-28,2022-04-28,2021-08-02,2022-04-28,2022-04-28,2022-04-28,2022-04-28,6
"Fiji","National Government",2022-05-04,17,0,"0",2022-04-17,2022-04-17,2022-04-17,2022-04-17,2022-04-17,2022-04-17,2022-04-17,2022-04-17,2022-04-17,2022-04-17,2021-08-16,2021-08-16,2022-04-17,2022-04-17,2022-04-17,2021-08-16,2022-04-17,2022-04-17,2022-04-17,2022-04-17,17
"Finland","National Government",2022-05-04,5,0,"0",2022-04-29,2022-04-29,2022-04-29,2022-04-29,2022-04-29,2022-04-29,2022-04-29,2022-04-29,2022-04-29,2022-04-29,2021-08-16,2021-08-16,2022-04-29,2022-04-29,2022-04-29,2021-08-16,2022-04-29,2022-04-29,2022-04-29,2022-04-29,5
"France","National Government",2022-05-04,12.5,1,"0",2022-04-21,2022-04-21,2022-04-21,2022-04-21,2022-04-21,2022-04-21,2022-04-21,2022-04-21,2022-04-21,2022-04-21,2021-08-09,2021-08-09,2022-04-21,2022-04-21,2022-04-21,2021-08-12,2022-04-21,2022-04-25,2022-04-25,2022-04-21,12.5
"Gabon","National Government",2022-05-04,1,0,"0",2022-05-03,2022-05-03,2022-05-03,2022-05-03,2022-05-03,2022-05-03,2022-05-03,2022-05-03,2022-05-03,2022-05-03,2021-08-16,2021-08-16,2022-05-03,2022-05-03,2022-05-03,2021-08-16,2022-05-03,2022-05-03,2022-05-03,2022-05-03,1
"Gambia","National Government",2022-05-04,8,0,"0",2022-04-26,2022-04-26,2022-04-26,2022-04-26,2022-04-26,2022-04-26,2022-04-26,2022-04-26,2022-04-26,2022-04-26,2021-08-09,2021-08-09,2022-04-26,2022-04-26,2022-04-26,2021-08-09,2022-04-26,2022-04-26,2022-04-26,2022-04-26,8
"Georgia","National Government",2022-05-04,9,0,"8",2022-04-25,2022-04-25,2022-04-25,2022-04-25,2022-04-25,2022-04-25,2022-04-25,2022-04-25,2022-04-25,2022-04-25,2021-06-21,2021-06-21,2022-04-25,2022-04-25,2022-04-25,2021-06-21,2022-04-25,2022-04-25,2022-04-25,2022-04-25,9.5
"Germany","National Government",2022-05-04,1,1,"6",2022-05-03,2022-05-03,2022-05-03,2022-05-03,2022-05-03,2022-05-03,2022-05-03,2022-05-03,2022-05-03,2022-05-03,2021-08-12,2021-08-12,2022-05-03,2022-05-03,2022-05-03,2021-08-12,2022-04-18,2022-05-03,2022-05-03,2022-05-03,1.375
"Ghana","National Government",2022-05-04,12,0,"0",2022-04-22,2022-04-22,2022-04-22,2022-04-22,2022-04-22,2022-04-22,2022-04-22,2022-04-22,2022-04-22,2022-04-22,2021-08-15,2021-08-15,2022-04-22,2022-04-22,2022-04-22,2021-08-15,2022-04-22,2022-04-22,2022-04-22,2022-04-22,12
"Greece","National Government",2022-05-04,15,2,"0",2022-04-19,2022-04-19,2022-04-19,2022-04-19,2022-04-19,2022-04-19,2022-04-19,2022-04-19,2022-04-19,2022-04-19,2021-08-09,2021-08-09,2022-04-19,2022-04-19,2022-04-19,2021-08-09,2022-04-19,2022-04-19,2022-04-19,2022-04-19,15
"Greenland","National Government",2022-05-04,3,1,"0",2022-05-01,2022-05-01,2022-05-01,2022-05-01,2022-05-01,2022-05-01,2022-05-01,2022-05-01,2022-05-01,2022-05-01,2021-08-02,2021-08-02,2022-05-01,2022-05-01,2022-05-01,2021-08-02,2022-05-01,2022-05-01,2022-05-01,2022-05-01,3
"Grenada","National Government",2022-05-04,37,0,"11696",2022-03-28,2022-03-28,2022-03-28,2022-03-28,2022-03-28,2022-03-28,2022-03-28,2022-03-28,2022-03-28,2022-03-28,-Inf,-Inf,2022-03-28,2022-03-28,2022-03-28,-Inf,2022-03-28,2022-03-28,2022-03-28,2022-03-28,768
"Guam","National Government",2022-05-04,21,2,"0",2022-04-13,2022-04-13,2022-04-13,2022-04-13,2022-04-13,2022-04-13,2022-04-13,2022-04-13,2022-04-13,2022-04-13,2021-07-12,2021-07-12,2022-04-13,2022-04-13,2022-04-13,2021-07-12,2022-04-13,2022-04-13,2022-04-13,2022-04-13,21
"Guatemala","National Government",2022-05-04,8,1,"0",2022-04-26,2022-04-26,2022-04-26,2022-04-26,2022-04-26,2022-04-26,2022-04-26,2022-04-26,2022-04-26,2022-04-26,2021-08-16,2021-08-16,2022-04-26,2022-04-26,2022-04-26,2021-08-16,2022-04-26,2022-04-26,2022-04-26,2022-04-26,8
"Guinea","National Government",2022-05-04,3.75,0,"0",2022-04-25,2022-04-25,2022-05-02,2022-05-02,2022-05-02,2022-04-25,2022-05-02,2022-04-25,2022-05-02,2022-05-02,2021-08-01,2021-08-01,2022-05-02,2022-05-02,2022-05-02,2021-08-01,2022-05-02,2022-05-02,2022-05-02,2022-05-02,3.75
"Guyana","National Government",2022-05-04,11.75,0,"0",2022-04-22,2022-04-22,2022-04-22,2022-04-22,2022-04-22,2022-04-22,2022-04-22,2022-04-22,2022-04-22,2022-04-22,2021-06-20,2021-06-20,2022-04-22,2022-04-22,2022-04-22,2021-06-20,2022-04-22,2022-04-22,2022-04-24,2022-04-24,11.75
"Haiti","National Government",2022-05-04,23.625,0,"0",2022-04-10,2022-04-10,2022-04-10,2022-04-10,2022-04-10,2022-04-10,2022-04-10,2022-04-10,2022-04-10,2022-04-10,2021-08-12,2021-08-12,2022-04-11,2022-04-11,2022-04-11,2021-08-12,2022-04-11,2022-04-11,2022-04-11,2022-04-11,23.625
"Honduras","National Government",2022-05-04,19,0,"1",2022-04-15,2022-04-15,2022-04-15,2022-04-15,2022-04-15,2022-04-15,2022-04-15,2022-04-15,2022-04-15,2022-04-15,2021-08-17,2021-08-17,2022-04-15,2022-04-15,2022-04-15,2021-08-17,2022-04-15,2022-04-15,2022-04-15,2022-04-15,19.0625
"Hong Kong","National Government",2022-05-04,16,0,"1",2022-04-18,2022-04-18,2022-04-18,2022-04-18,2022-04-18,2022-04-18,2022-04-18,2022-04-18,2022-04-18,2022-04-18,2021-08-16,2021-08-16,2022-04-18,2022-04-18,2022-04-18,2021-08-16,2022-01-18,2022-04-18,2022-04-18,2022-04-18,16.0625
"Hungary","National Government",2022-05-04,2,0,"0",2022-05-02,2022-05-02,2022-05-02,2022-05-02,2022-05-02,2022-05-02,2022-05-02,2022-05-02,2022-05-02,2022-05-02,2021-07-27,2021-07-27,2022-05-02,2022-05-02,2022-05-02,2021-07-27,2022-03-24,2022-05-02,2022-05-02,2022-05-02,2
"Iceland","National Government",2022-05-04,5.375,0,"0",2022-04-29,2022-04-29,2022-04-29,2022-04-29,2022-04-29,2022-04-29,2022-04-29,2022-04-29,2022-04-29,2022-04-29,2021-08-16,2021-08-16,2022-04-29,2022-04-23,2022-04-29,2021-08-16,2022-04-29,2022-04-29,2022-04-29,2022-04-29,5.375
"India","Andaman and Nicobar Islands",2022-05-04,Inf,0,"-Inf",2022-03-23,2021-12-15,2022-03-23,2022-03-23,2022-03-23,2022-03-23,2022-03-23,2021-12-15,-Inf,-Inf,-Inf,-Inf,2022-03-23,2022-03-23,2021-11-28,2021-06-02,2021-06-02,2022-03-23,2021-12-15,2021-12-15,190.875
"India","Andhra Pradesh",2022-05-04,Inf,0,"-Inf",2022-03-23,2022-03-23,2022-03-23,2022-03-23,2022-03-23,2022-03-23,2022-03-23,2022-02-24,-Inf,-Inf,-Inf,-Inf,2022-03-23,2022-03-23,2021-11-28,2021-07-19,2021-08-14,2022-03-23,2022-01-23,2022-01-17,134.5
"India","Arunachal Pradesh",2022-05-04,Inf,0,"-Inf",2022-02-14,2022-02-14,2022-02-14,2022-02-14,2022-02-14,2022-02-14,2022-02-14,2022-02-14,-Inf,-Inf,-Inf,-Inf,2022-02-14,2022-02-14,2021-11-28,2021-08-01,2021-08-01,2022-02-14,2022-02-14,2022-02-14,154.25
"India","Assam",2022-05-04,Inf,0,"-Inf",2022-03-23,2022-03-23,2022-03-23,2022-03-23,2022-03-23,2022-03-23,2022-02-02,2021-06-30,-Inf,-Inf,-Inf,-Inf,2022-02-02,2022-02-02,2021-11-28,-Inf,-Inf,2022-03-23,2022-02-02,2022-02-02,175.8125
"India","Bihar",2022-05-04,Inf,0,"-Inf",2022-03-23,2022-03-23,2022-03-23,2022-03-23,2022-03-23,2022-03-23,2022-03-23,2022-02-24,-Inf,-Inf,-Inf,-Inf,2022-03-23,2022-03-23,2022-03-23,2021-08-16,2021-08-23,2022-03-23,2022-03-23,2022-03-23,124.1875
"India","Chandigarh",2022-05-04,Inf,0,"-Inf",2022-02-19,2022-02-19,2022-02-19,2022-02-19,2022-02-19,2022-02-19,2022-02-19,2022-02-19,-Inf,-Inf,-Inf,-Inf,2022-02-19,2022-02-19,2021-11-28,-Inf,2021-11-29,2022-02-19,2022-02-19,2022-02-19,150.1875
"India","Chhattisgarh",2022-05-04,Inf,0,"-Inf",2022-03-23,2022-03-23,2022-03-23,2022-03-23,2022-03-23,2022-03-23,2022-03-23,2022-02-24,-Inf,-Inf,-Inf,-Inf,2022-03-23,2022-03-23,2022-03-23,2021-06-21,2022-01-10,2022-03-23,2022-03-23,2022-03-23,196.25
"India","Dadra and Nagar Haveli and Daman and Diu",2022-05-04,Inf,0,"-Inf",2021-06-30,2021-06-30,2021-06-30,2021-06-30,2021-06-30,2021-06-30,2021-06-30,2021-06-30,-Inf,-Inf,-Inf,-Inf,2021-06-29,2021-04-30,2021-04-30,-Inf,-Inf,2021-06-29,2021-06-29,-Inf,366.1875
"India","Delhi",2022-05-04,Inf,0,"-Inf",2022-02-06,2022-02-04,2021-12-31,2021-12-31,2021-12-31,2021-12-31,2021-12-31,2021-12-31,-Inf,-Inf,-Inf,-Inf,2021-12-31,2021-12-31,2021-11-28,2021-08-09,2021-11-01,2021-12-31,2021-12-31,2021-12-31,186.3125
"India","Goa",2022-05-04,Inf,0,"-Inf",2022-03-21,2022-03-21,2022-03-21,2022-03-21,2022-03-21,2022-03-21,2022-03-21,2022-02-24,-Inf,-Inf,-Inf,-Inf,2022-03-21,2022-03-21,2022-03-21,2021-07-08,2021-12-13,2022-03-21,2022-03-21,2022-03-21,208.3125
"India","Gujarat",2022-05-04,Inf,0,"-Inf",2021-12-31,2021-12-31,2021-12-31,2021-12-31,2021-12-31,2021-12-31,2021-12-31,2021-12-31,-Inf,-Inf,-Inf,-Inf,2021-12-31,2021-12-31,2021-11-28,2021-08-16,2021-12-06,2021-12-31,2021-12-31,2021-12-31,192.375
"India","Himachal Pradesh",2022-05-04,Inf,0,"-Inf",2022-02-13,2022-02-13,2022-02-13,2022-02-13,2021-11-15,2022-02-13,2022-02-13,2022-02-13,-Inf,-Inf,-Inf,-Inf,2022-02-13,2022-02-13,2021-11-15,2021-08-16,2021-09-27,2022-02-13,2022-02-13,2022-02-13,236.0625
"India","Haryana",2022-05-04,Inf,0,"-Inf",2022-03-14,2022-03-14,2022-03-14,2022-03-14,2022-03-14,2022-03-14,2022-03-14,2022-02-24,-Inf,-Inf,-Inf,-Inf,2022-03-14,2022-03-14,2022-03-14,2021-08-10,2021-11-09,2022-03-14,2022-03-14,2022-01-31,139.75
"India","Jharkhand",2022-05-04,Inf,0,"-Inf",2022-01-16,2022-01-16,2022-01-16,2022-01-16,2022-01-16,2022-01-16,2022-01-16,2022-01-16,-Inf,-Inf,-Inf,-Inf,2022-01-16,2022-01-16,2021-08-16,2021-08-16,2022-01-16,2022-01-16,2022-01-16,2022-01-16,227.9375
"India","Jammu and Kashmir",2022-05-04,Inf,0,"-Inf",2022-02-21,2022-02-21,2022-02-21,2022-02-21,2022-02-21,2022-02-21,2022-02-21,2022-02-21,-Inf,-Inf,-Inf,-Inf,2022-02-21,2022-02-21,2021-11-28,2021-08-09,2021-08-09,2022-02-21,2022-02-21,2022-02-13,152
"India","Karnataka",2022-05-04,Inf,0,"-Inf",2022-01-31,2022-01-31,2022-01-31,2022-01-31,2022-01-31,2022-01-31,2022-01-31,2022-01-31,-Inf,-Inf,-Inf,-Inf,2022-01-31,2022-01-31,2021-11-28,2021-08-16,2021-08-16,2022-01-31,2022-01-31,2022-01-31,165.625
"India","Kerala",2022-05-04,Inf,0,"-Inf",2022-03-23,2022-03-23,2022-03-23,2022-03-23,2022-03-23,2022-03-23,2022-03-23,2022-02-24,-Inf,-Inf,-Inf,-Inf,2022-03-23,2022-03-23,2022-03-23,2021-08-08,2021-09-13,2022-03-23,2022-03-23,2022-03-23,151.1875
"India","Ladakh",2022-05-04,Inf,0,"-Inf",2021-08-23,2021-08-23,2021-08-23,2021-08-23,2021-08-23,2021-08-23,2021-08-23,2021-08-23,-Inf,-Inf,-Inf,-Inf,2021-08-23,2021-08-23,2021-08-23,2021-07-06,2021-08-23,2021-08-23,2021-08-23,2021-01-15,350.875
"India","Lakshadweep",2022-05-04,Inf,0,"-Inf",2022-01-30,2022-01-30,2022-01-30,2022-01-30,2022-01-30,2022-01-30,2022-01-30,2021-08-16,-Inf,-Inf,-Inf,-Inf,2021-08-16,2021-08-16,2021-08-16,2021-08-16,2021-08-16,2022-01-05,2021-08-16,-Inf,358.4375
"India","Maharashtra",2022-05-04,Inf,0,"-Inf",2022-03-23,2022-03-23,2022-03-23,2022-03-23,2022-03-23,2022-03-23,2022-03-23,2022-02-24,-Inf,-Inf,-Inf,-Inf,2022-03-23,2022-03-23,2021-11-28,2021-07-26,2022-04-11,2022-03-23,2022-03-23,2022-01-24,140
"India","Meghalaya",2022-05-04,Inf,0,"-Inf",2022-01-24,2022-01-10,2022-01-10,2022-01-10,2022-01-10,2022-01-10,2022-01-10,2022-01-10,-Inf,-Inf,-Inf,-Inf,2022-01-10,2022-01-10,2021-11-28,2021-06-08,2021-06-08,2022-01-10,2022-01-10,2022-01-10,262.6875
"India","Manipur",2022-05-04,Inf,0,"-Inf",2021-09-27,2021-09-27,2021-09-27,2021-09-27,2021-09-27,2021-09-27,2021-09-27,2021-09-27,-Inf,-Inf,-Inf,-Inf,2021-09-27,2021-09-27,2021-09-27,2021-07-05,2021-07-05,2021-09-27,2021-09-27,2021-01-15,270.3125
"India","Madhya Pradesh",2022-05-04,Inf,0,"-Inf",2022-03-23,2022-03-23,2022-03-23,2022-03-23,2022-03-23,2022-03-23,2022-03-23,2022-02-24,-Inf,-Inf,2021-05-25,2021-05-25,2022-03-23,2022-03-23,2022-03-23,2021-08-16,2021-11-22,2022-03-23,2022-03-23,2022-03-23,131.125
"India","Mizoram",2022-05-04,Inf,0,"-Inf",2021-08-30,2021-08-30,2021-08-30,2021-08-30,2021-08-30,2021-08-30,2021-08-30,2021-08-30,-Inf,-Inf,-Inf,-Inf,2021-08-30,2021-08-30,2021-08-30,2021-05-24,2021-08-30,2021-08-30,2021-08-30,2021-01-15,296.375
"India","Nagaland",2022-05-04,Inf,0,"-Inf",2022-02-15,2022-02-15,2022-02-15,2022-02-15,2022-02-15,2022-02-15,2022-02-15,2022-02-15,-Inf,-Inf,-Inf,-Inf,2022-02-15,2022-02-15,2021-11-28,2021-07-26,2021-10-25,2022-02-15,2022-02-15,2022-02-15,160.0625
"India","Odisha",2022-05-04,Inf,0,"-Inf",2022-03-23,2022-03-23,2022-03-23,2022-03-23,2022-01-11,2022-03-23,2022-03-23,2022-02-15,-Inf,-Inf,-Inf,-Inf,2022-03-23,2022-01-09,2021-11-28,2021-08-09,2021-08-09,2022-03-23,2022-03-23,2022-03-23,154.9375
"India","Punjab",2022-05-04,Inf,0,"-Inf",2022-02-21,2022-02-21,2022-02-21,2022-02-21,2022-02-21,2022-02-21,2022-02-21,2022-02-21,-Inf,-Inf,-Inf,-Inf,2022-02-21,2022-02-21,2021-11-28,2021-08-04,2022-02-21,2022-02-21,2022-02-21,2022-02-21,149.5
"India","Puducherry",2022-05-04,Inf,0,"-Inf",2022-03-23,2022-03-23,2022-03-23,2022-03-23,2022-03-23,2022-03-23,2022-03-23,2022-02-24,-Inf,-Inf,-Inf,-Inf,2022-03-23,2022-03-23,2022-03-23,2021-08-03,2021-11-29,2022-03-23,2022-03-23,2022-03-23,124.25
"India","Rajasthan",2022-05-04,Inf,0,"-Inf",2022-03-23,2022-03-23,2022-03-23,2022-03-23,2022-03-23,2022-03-23,2022-03-23,2022-02-24,-Inf,-Inf,-Inf,-Inf,2022-03-23,2021-12-31,2021-11-28,2021-08-16,2021-12-28,2021-12-31,2021-12-31,2021-12-31,146.375
"India","Sikkim",2022-05-04,Inf,0,"-Inf",2022-02-03,2022-02-03,2022-02-03,2022-02-03,2022-02-03,2022-02-04,2022-02-04,2022-02-04,-Inf,-Inf,-Inf,-Inf,2022-02-04,2021-10-09,2021-07-12,2021-07-12,2021-07-12,2021-08-21,2022-02-04,-Inf,296.6875
"India","Telangana",2022-05-04,Inf,0,"-Inf",2022-03-01,2022-03-01,2022-03-01,2022-03-01,2022-03-01,2022-03-01,2022-03-01,2022-02-24,-Inf,-Inf,-Inf,-Inf,2022-03-01,2022-03-01,2022-03-01,2021-05-17,2021-05-17,2022-03-01,2022-03-01,2022-03-01,154.8125
"India","Tamil Nadu",2022-05-04,Inf,0,"-Inf",2022-03-23,2022-03-23,2022-03-23,2022-03-23,2022-03-23,2022-03-23,2022-03-23,2022-02-24,-Inf,-Inf,-Inf,-Inf,2022-03-23,2022-03-23,2022-03-23,2021-06-14,2021-06-14,2022-03-23,2022-03-23,2022-03-23,125.875
"India","Tripura",2022-05-04,Inf,0,"-Inf",2021-08-16,2021-08-16,2021-08-16,2021-08-16,2021-08-16,2021-08-16,2021-08-16,2021-08-16,-Inf,-Inf,-Inf,-Inf,2021-08-16,2021-08-16,2021-08-16,2021-08-16,2021-08-16,2021-08-16,2021-08-16,2021-01-15,302.8125
"India","Uttar Pradesh",2022-05-04,Inf,0,"-Inf",2022-03-23,2022-03-23,2022-03-23,2022-03-23,2022-03-23,2022-03-23,2022-03-23,2022-02-24,-Inf,-Inf,-Inf,-Inf,2022-03-23,2021-12-07,2021-11-28,2021-08-01,2021-08-01,2022-03-23,2022-03-23,2021-12-07,164.75
"India","Uttarakhand",2022-05-04,Inf,0,"-Inf",2021-12-31,2021-12-31,2021-12-31,2021-12-31,2021-12-31,2021-12-31,2021-12-31,2021-12-31,-Inf,-Inf,-Inf,-Inf,2021-12-31,2021-12-31,2021-11-28,2021-08-09,2021-10-05,2021-12-31,2021-12-31,2021-12-31,202.6875
"India","West Bengal",2022-05-04,Inf,0,"-Inf",2022-02-26,2022-02-26,2022-02-26,2022-02-26,2022-02-26,2022-02-26,2022-02-26,2022-02-24,-Inf,-Inf,-Inf,-Inf,2022-02-26,2021-12-31,2021-11-28,2021-08-08,2021-08-08,2022-02-26,2022-02-26,2021-12-31,175.375
"India","National Government",2022-05-04,9,0,"0",2022-04-25,2022-04-25,2022-04-25,2022-04-25,2022-04-25,2022-04-25,2022-04-25,2022-04-25,2022-04-25,2022-04-25,2021-08-16,2021-08-16,2022-04-25,2022-04-25,2022-04-25,2021-08-16,2022-04-25,2022-04-25,2022-04-25,2022-04-25,9
"Indonesia","National Government",2022-05-04,9,0,"0",2022-04-25,2022-04-25,2022-04-25,2022-04-25,2022-04-25,2022-04-25,2022-04-25,2022-04-25,2022-04-25,2022-04-25,2021-08-16,2021-08-16,2022-04-25,2022-04-25,2022-04-25,2021-08-16,2022-04-25,2022-04-25,2022-04-25,2022-04-25,9
"Iran","National Government",2022-05-04,4,1,"0",2022-04-30,2022-04-30,2022-04-30,2022-04-30,2022-04-30,2022-04-30,2022-04-30,2022-04-30,2022-04-30,2022-04-30,2021-06-29,2021-06-29,2022-04-30,2022-04-30,2022-04-30,2021-06-29,2022-04-30,2022-04-30,2022-04-30,2022-04-30,4
"Iraq","National Government",2022-05-04,4.1875,1,"0",2022-05-02,2022-03-28,2022-05-02,2022-05-02,2022-05-02,2022-05-02,2022-05-02,2022-05-02,2022-05-02,2022-05-02,2021-07-27,2021-07-27,2022-05-02,2022-05-02,2022-05-02,2021-07-26,2022-05-02,2022-05-02,2022-05-02,2022-05-02,4.1875
"Ireland","National Government",2022-05-04,2,0,"0",2022-05-02,2022-05-02,2022-05-02,2022-05-02,2022-05-02,2022-05-02,2022-05-02,2022-05-02,2022-05-02,2022-05-02,2021-08-16,2021-08-16,2022-05-02,2022-05-02,2022-05-02,2021-08-16,2022-05-02,2022-05-02,2022-05-02,2022-05-02,2
"Israel","National Government",2022-05-04,2,0,"0",2022-05-02,2022-05-02,2022-05-02,2022-05-02,2022-05-02,2022-05-02,2022-05-02,2022-05-02,2022-05-02,2022-05-02,2021-08-13,2021-08-13,2022-05-02,2022-05-02,2022-05-02,2021-08-13,2022-05-02,2022-05-02,2022-05-02,2022-05-02,2
"Italy","National Government",2022-05-04,2,3,"0",2022-05-02,2022-05-02,2022-05-02,2022-05-02,2022-05-02,2022-05-02,2022-05-02,2022-05-02,2022-05-02,2022-05-02,2021-08-13,2021-08-13,2022-05-02,2022-05-02,2022-05-02,2021-08-13,2022-05-02,2022-05-02,2022-05-02,2022-05-02,2
"Jamaica","National Government",2022-05-04,2,2,"1",2022-05-02,2022-05-02,2022-05-02,2022-05-02,2022-05-02,2022-05-02,2022-05-02,2022-05-02,2022-05-02,2022-05-02,2021-08-16,2021-08-16,2022-05-02,2022-05-02,2022-05-02,2021-08-16,2022-05-02,2022-05-02,2022-05-02,2022-05-02,2.0625
"Japan","National Government",2022-05-04,1.9375,0,"0",2022-05-02,2022-05-02,2022-05-02,2022-05-02,2022-05-02,2022-05-02,2022-05-02,2022-05-02,2022-05-02,2022-05-02,2021-08-14,2021-08-14,2022-05-02,2022-05-03,2022-05-02,2021-08-14,2022-05-02,2022-05-02,2022-05-02,2022-05-02,1.9375
"Jordan","National Government",2022-05-04,15,4,"112",2022-04-19,2022-04-19,2022-04-19,2022-04-19,2022-04-19,2022-04-19,2022-04-19,2022-04-19,2022-04-19,2022-04-19,2021-08-02,2021-08-02,2022-04-19,2022-04-19,2022-04-19,2021-08-02,2022-04-19,2022-04-19,2022-04-19,2022-04-19,22
"Kazakhstan","National Government",2022-05-04,8,0,"0",2022-04-26,2022-04-26,2022-04-26,2022-04-26,2022-04-26,2022-04-26,2022-04-26,2022-04-26,2022-04-26,2022-04-26,2021-08-16,2021-08-16,2022-04-26,2022-04-26,2022-04-26,2021-08-16,2022-04-26,2022-04-26,2022-04-26,2022-04-26,8
"Kenya","National Government",2022-05-04,13,0,"0",2022-04-21,2022-04-21,2022-04-21,2022-04-21,2022-04-21,2022-04-21,2022-04-21,2022-04-21,2022-04-21,2022-04-21,2021-07-26,2021-07-26,2022-04-21,2022-04-21,2022-04-21,2021-07-26,2022-04-21,2022-04-21,2022-04-21,2022-04-21,13
"Kiribati","National Government",2022-05-04,9,0,"0",2022-04-25,2022-04-25,2022-04-25,2022-04-25,2022-04-25,2022-04-25,2022-04-25,2022-04-25,2022-04-25,2022-04-25,2021-08-09,2021-08-09,2022-04-25,2022-04-25,2022-04-25,2021-08-09,2022-04-25,2022-04-25,2022-04-25,2022-04-25,9
"Kosovo","National Government",2022-05-04,2,2,"0",2022-05-02,2022-05-02,2022-05-02,2022-05-02,2022-05-02,2022-05-02,2022-05-02,2022-05-02,2022-05-02,2022-05-02,2021-08-13,2021-08-13,2022-05-02,2022-05-02,2022-05-02,2021-08-13,2022-02-21,2022-05-02,2022-05-02,2022-05-02,2
"Kuwait","National Government",2022-05-04,37,0,"0",2022-03-28,2022-03-28,2022-03-28,2022-03-28,2022-03-28,2022-03-28,2022-03-28,2022-03-28,2022-03-28,2022-03-28,2021-08-08,2021-08-08,2022-03-28,2022-03-28,2022-03-28,2021-08-08,2022-03-28,2022-03-28,2022-03-28,2022-03-28,37
"Kyrgyz Republic","National Government",2022-05-04,3,0,"0",2022-05-01,2022-05-01,2022-05-01,2022-05-01,2022-05-01,2022-05-01,2022-05-01,2022-05-01,2022-05-01,2022-05-01,2021-08-16,2021-08-16,2022-05-01,2022-05-01,2022-05-01,2021-08-16,2022-05-01,2022-05-01,2022-05-01,2022-05-01,3
"Laos","National Government",2022-05-04,2,0,"0",2022-05-02,2022-05-02,2022-05-02,2022-05-02,2022-05-02,2022-05-02,2022-05-02,2022-05-02,2022-05-02,2022-05-02,2021-08-16,2021-08-16,2022-05-02,2022-05-02,2022-05-02,2021-08-16,2022-05-02,2022-05-02,2022-05-02,2022-05-02,2
"Latvia","National Government",2022-05-04,32,0,"0",2022-04-02,2022-04-02,2022-04-02,2022-04-02,2022-04-02,2022-04-02,2022-04-02,2022-04-02,2022-04-02,2022-04-02,2021-08-10,2021-08-10,2022-04-02,2022-04-02,2022-04-02,2021-08-10,2022-04-02,2022-04-02,2022-04-02,2022-04-02,32
"Lebanon","National Government",2022-05-04,30,2,"0",2022-04-04,2022-04-04,2022-04-04,2022-04-04,2022-04-04,2022-04-04,2022-04-04,2022-04-04,2022-04-04,2022-04-04,2021-07-31,2021-07-31,2022-04-04,2022-04-04,2022-04-04,2021-07-31,2022-04-04,2022-04-04,2022-04-04,2022-04-04,30
"Lesotho","National Government",2022-05-04,2,0,"0",2022-05-02,2022-05-02,2022-05-02,2022-05-02,2022-05-02,2022-05-02,2022-05-02,2022-05-02,2022-05-02,2022-05-02,2021-08-15,2021-08-15,2022-05-02,2022-05-02,2022-05-02,2021-08-15,2022-05-02,2022-05-02,2022-05-02,2022-05-02,2
"Liberia","National Government",2022-05-04,1.625,0,"0",2022-05-02,2022-05-02,2022-05-02,2022-05-02,2022-05-02,2022-05-02,2022-05-02,2022-05-02,2022-05-02,2022-05-02,2021-08-16,2021-08-16,2022-05-03,2022-05-03,2022-05-03,2021-08-16,2022-05-03,2022-05-03,2022-05-03,2022-05-03,1.625
"Libya","National Government",2022-05-04,16,0,"0",2022-04-18,2022-04-18,2022-04-18,2022-04-18,2022-04-18,2022-04-18,2022-04-18,2022-04-18,2022-04-18,2022-04-18,2021-07-12,2021-07-12,2022-04-18,2022-04-18,2022-04-18,2021-07-12,2022-04-18,2022-04-18,2022-04-18,2022-04-18,16
"Liechtenstein","National Government",2022-05-04,2,0,"0",2022-05-02,2022-05-02,2022-05-02,2022-05-02,2022-05-02,2022-05-02,2022-05-02,2022-05-02,2022-05-02,2022-05-02,2021-05-09,2021-05-09,2022-05-02,2022-05-02,2022-05-02,2021-05-09,2022-05-02,2022-05-02,2022-05-02,2022-05-02,2
"Lithuania","National Government",2022-05-04,10,0,"0",2022-04-24,2022-04-24,2022-04-24,2022-04-24,2022-04-24,2022-04-24,2022-04-24,2022-04-24,2022-04-24,2022-04-24,2021-08-01,2021-08-01,2022-04-24,2022-04-24,2022-04-24,2021-08-01,2022-04-24,2022-04-24,2022-04-24,2022-04-24,10
"Luxembourg","National Government",2022-05-04,3,0,"0",2022-05-01,2022-05-01,2022-05-01,2022-05-01,2022-05-01,2022-05-01,2022-05-01,2022-05-01,2022-05-01,2022-05-01,2021-08-14,2021-08-14,2022-05-01,2022-05-01,2022-05-01,2021-08-14,2022-03-21,2022-05-01,2022-05-01,2022-05-01,3
"Macao","National Government",2022-05-04,33,0,"0",2022-04-01,2022-04-01,2022-04-01,2022-04-01,2022-04-01,2022-04-01,2022-04-01,2022-04-01,2022-04-01,2022-04-01,2021-07-12,2021-07-12,2022-04-01,2022-04-01,2022-04-01,2021-07-12,2022-04-01,2022-04-01,2022-04-01,2022-04-01,33
"Madagascar","National Government",2022-05-04,10,2,"0",2022-04-24,2022-04-24,2022-04-24,2022-04-24,2022-04-24,2022-04-24,2022-04-24,2022-04-24,2022-04-24,2022-04-24,2021-08-08,2021-08-08,2022-04-24,2022-04-24,2022-04-24,2021-08-08,2022-04-24,2022-04-24,2022-04-24,2022-04-24,10
"Malawi","National Government",2022-05-04,9,0,"0",2022-04-25,2022-04-25,2022-04-25,2022-04-25,2022-04-25,2022-04-25,2022-04-25,2022-04-25,2022-04-25,2022-04-25,2021-08-10,2021-08-10,2022-04-25,2022-04-25,2022-04-25,2021-08-10,2022-04-04,2022-04-25,2022-04-25,2022-04-25,9
"Malaysia","National Government",2022-05-04,9.25,2,"0",2022-04-30,2022-04-30,2022-04-30,2022-04-30,2022-04-23,2022-04-23,2022-04-23,2022-04-23,2022-04-23,2022-04-23,2021-07-19,2021-07-19,2022-04-23,2022-04-23,2022-04-23,2021-07-19,2022-04-23,2022-04-23,2022-04-23,2022-04-23,9.25
"Mali","National Government",2022-05-04,8,3,"7",2022-04-26,2022-04-26,2022-04-26,2022-04-26,2022-04-26,2022-04-26,2022-04-26,2022-04-26,2022-04-26,2022-04-26,2021-08-09,2021-08-09,2022-04-26,2022-04-26,2022-04-26,2021-08-09,2022-04-26,2022-04-26,2022-04-26,2022-04-26,8.4375
"Malta","National Government",2022-05-04,9,1,"0",2022-04-25,2022-04-25,2022-04-25,2022-04-25,2022-04-25,2022-04-25,2022-04-25,2022-04-25,2022-04-25,2022-04-25,2021-04-11,2021-04-11,2022-04-25,2022-04-25,2022-04-25,2021-04-11,2022-03-01,2022-04-25,2022-04-25,2022-04-25,9
"Mauritania","National Government",2022-05-04,3.75,2,"0",2022-04-25,2022-04-25,2022-05-02,2022-05-02,2022-05-02,2022-04-25,2022-05-02,2022-04-25,2022-05-02,2022-05-02,2021-08-16,2021-08-16,2022-05-02,2022-05-02,2022-05-02,2021-08-16,2022-05-02,2022-05-02,2022-05-02,2022-05-02,3.75
"Mauritius","National Government",2022-05-04,7,0,"0",2022-04-27,2022-04-27,2022-04-27,2022-04-27,2022-04-27,2022-04-27,2022-04-27,2022-04-27,2022-04-27,2022-04-27,2021-08-16,2021-08-16,2022-04-27,2022-04-27,2022-04-27,2021-08-16,2022-04-27,2022-04-27,2022-04-27,2022-04-27,7
"Mexico","National Government",2022-05-04,17,1,"0",2022-04-17,2022-04-17,2022-04-17,2022-04-17,2022-04-17,2022-04-17,2022-04-17,2022-04-17,2022-04-17,2022-04-17,2021-08-16,2021-08-16,2022-04-17,2022-04-17,2022-04-17,2021-08-16,2022-04-17,2022-04-17,2022-04-17,2022-04-17,17
"Moldova","National Government",2022-05-04,2,1,"0",2022-05-02,2022-05-02,2022-05-02,2022-05-02,2022-05-02,2022-05-02,2022-05-02,2022-05-02,2022-05-02,2022-05-02,2021-08-14,2021-08-14,2022-05-02,2022-05-02,2022-05-02,2021-08-14,2022-05-02,2022-05-02,2022-05-02,2022-05-02,2
"Monaco","National Government",2022-05-04,10,0,"0",2022-04-24,2022-04-24,2022-04-24,2022-04-24,2022-04-24,2022-04-24,2022-04-24,2022-04-24,2022-04-24,2022-04-24,2021-08-09,2021-08-09,2022-04-24,2022-04-24,2022-04-24,2021-08-09,2022-02-28,2022-04-24,2022-04-24,2022-04-24,10
"Mongolia","National Government",2022-05-04,15,0,"0",2022-04-19,2022-04-19,2022-04-19,2022-04-19,2022-04-19,2022-04-19,2022-04-19,2022-04-19,2022-04-19,2022-04-19,2021-08-16,2021-08-16,2022-04-19,2022-04-19,2022-04-19,2021-08-16,2022-04-19,2022-04-19,2022-04-19,2022-04-19,15
"Morocco","National Government",2022-05-04,9,0,"0",2022-04-25,2022-04-25,2022-04-25,2022-04-25,2022-04-25,2022-04-25,2022-04-25,2022-04-25,2022-04-25,2022-04-25,2021-07-05,2021-07-05,2022-04-25,2022-04-25,2022-04-25,2021-07-05,2022-04-25,2022-04-25,2022-04-25,2022-04-25,9
"Mozambique","National Government",2022-05-04,11,1,"0",2022-04-23,2022-04-23,2022-04-23,2022-04-23,2022-04-23,2022-04-23,2022-04-23,2022-04-23,2022-04-23,2022-04-23,2021-08-04,2021-08-04,2022-04-23,2022-04-23,2022-04-23,2021-08-04,2022-04-23,2022-04-23,2022-04-23,2022-04-23,11
"Myanmar","National Government",2022-05-04,4,0,"0",2022-04-30,2022-04-30,2022-04-30,2022-04-30,2022-04-30,2022-04-30,2022-04-30,2022-04-30,2022-04-30,2022-04-30,2021-08-09,2021-08-09,2022-04-30,2022-04-30,2022-04-30,2021-08-09,2022-04-30,2022-04-30,2022-04-30,2022-04-30,4
"Namibia","National Government",2022-05-04,9,1,"0",2022-04-25,2022-04-25,2022-04-25,2022-04-25,2022-04-25,2022-04-25,2022-04-25,2022-04-25,2022-04-25,2022-04-25,2021-08-15,2021-08-15,2022-04-25,2022-04-25,2022-04-25,2021-08-15,2022-04-25,2022-04-25,2022-04-25,2022-04-25,9
"Nepal","National Government",2022-05-04,9,0,"0",2022-04-25,2022-04-25,2022-04-25,2022-04-25,2022-04-25,2022-04-25,2022-04-25,2022-04-25,2022-04-25,2022-04-25,2021-07-25,2021-07-03,2022-04-25,2022-04-25,2022-04-25,2021-07-03,2022-04-25,2022-04-25,2022-04-25,2022-04-25,9
"Netherlands","National Government",2022-05-04,16,0,"0",2022-04-18,2022-04-18,2022-04-18,2022-04-18,2022-04-18,2022-04-18,2022-04-18,2022-04-18,2022-04-18,2022-04-18,2021-08-13,2021-08-13,2022-04-18,2022-04-18,2022-04-18,2021-08-13,2022-04-18,2022-04-18,2022-04-18,2022-04-18,16
"New Zealand","National Government",2022-05-04,16,7,"0",2022-04-18,2022-04-18,2022-04-18,2022-04-18,2022-04-18,2022-04-18,2022-04-18,2022-04-18,2022-04-18,2022-04-18,2021-08-16,2021-08-16,2022-04-18,2022-04-18,2022-04-18,2021-08-16,2022-04-18,2022-04-18,2022-04-18,2022-04-18,16
"Nicaragua","National Government",2022-05-04,3,1,"0",2022-05-01,2022-05-01,2022-05-01,2022-05-01,2022-05-01,2022-05-01,2022-05-01,2022-05-01,2022-05-01,2022-05-01,2021-08-03,2021-08-03,2022-05-01,2022-05-01,2022-05-01,2021-08-03,2022-05-01,2022-05-01,2022-05-01,2022-05-01,3
"Niger","National Government",2022-05-04,6.375,0,"0",2022-04-29,2022-04-29,2022-04-29,2022-04-29,2022-04-29,2022-04-29,2022-04-29,2022-04-29,2022-04-18,2022-04-18,2021-08-16,2021-08-16,2022-04-29,2022-04-29,2022-04-29,2021-08-16,2022-04-18,2022-04-29,2022-04-29,2022-04-29,6.375
"Nigeria","National Government",2022-05-04,16,0,"0",2022-04-18,2022-04-18,2022-04-18,2022-04-18,2022-04-18,2022-04-18,2022-04-18,2022-04-18,2022-04-18,2022-04-18,2021-08-14,2021-08-14,2022-04-18,2022-04-18,2022-04-18,2021-08-14,2022-04-18,2022-04-18,2022-04-18,2022-04-18,16
"Norway","National Government",2022-05-04,16,0,"0",2022-04-18,2022-04-18,2022-04-18,2022-04-18,2022-04-18,2022-04-18,2022-04-18,2022-04-18,2022-04-18,2022-04-18,2021-08-13,2021-08-13,2022-04-18,2022-04-18,2022-04-18,2021-08-13,2022-04-18,2022-04-18,2022-04-18,2022-04-18,16
"Oman","National Government",2022-05-04,2,0,"0",2022-05-02,2022-05-02,2022-05-02,2022-05-02,2022-05-02,2022-05-02,2022-05-02,2022-05-02,2022-05-02,2022-05-02,2021-08-15,2021-08-15,2022-05-02,2022-05-02,2022-05-02,2021-08-15,2022-05-02,2022-05-02,2022-05-02,2022-05-02,2
"Pakistan","National Government",2022-05-04,2,2,"0",2022-05-02,2022-05-02,2022-05-02,2022-05-02,2022-05-02,2022-05-02,2022-05-02,2022-05-02,2022-05-02,2022-05-02,2021-08-16,2021-08-16,2022-05-02,2022-05-02,2022-05-02,2021-08-16,2022-05-02,2022-05-02,2022-05-02,2022-05-02,2
"Palestine","National Government",2022-05-04,15,0,"0",2022-04-19,2022-04-19,2022-04-19,2022-04-19,2022-04-19,2022-04-19,2022-04-19,2022-04-19,2022-04-19,2022-04-19,2021-08-02,2021-08-02,2022-04-19,2022-04-19,2022-04-19,2021-08-02,2022-04-19,2022-04-19,2022-04-19,2022-04-19,15
"Panama","National Government",2022-05-04,17,0,"0",2022-04-17,2022-04-17,2022-04-17,2022-04-17,2022-04-17,2022-04-17,2022-04-17,2022-04-17,2022-04-17,2022-04-17,2021-08-02,2021-08-02,2022-04-17,2022-04-17,2022-04-17,2021-08-02,2022-04-17,2022-04-17,2022-04-17,2022-04-17,17
"Papua New Guinea","National Government",2022-05-04,9,0,"0",2022-04-25,2022-04-25,2022-04-25,2022-04-25,2022-04-25,2022-04-25,2022-04-25,2022-04-25,2022-04-25,2022-04-25,2021-08-06,2021-08-06,2022-04-25,2022-04-25,2022-04-25,2021-08-06,2022-04-25,2022-04-25,2022-04-25,2022-04-25,9
"Paraguay","National Government",2022-05-04,2,0,"0",2022-05-02,2022-05-02,2022-05-02,2022-05-02,2022-05-02,2022-05-02,2022-05-02,2022-05-02,2022-05-02,2022-05-02,2021-07-03,2021-07-03,2022-05-02,2022-05-02,2022-05-02,2021-07-03,2022-05-02,2022-05-02,2022-05-02,2022-05-02,2
"Peru","National Government",2022-05-04,10,0,"0",2022-04-24,2022-04-24,2022-04-24,2022-04-24,2022-04-24,2022-04-24,2022-04-24,2022-04-24,2022-04-24,2022-04-24,2021-08-15,2021-08-15,2022-04-24,2022-04-24,2022-04-24,2021-08-15,2022-04-24,2022-04-24,2022-04-24,2022-04-24,10
"Philippines","National Government",2022-05-04,3.625,0,"0",2022-04-30,2022-04-30,2022-04-30,2022-04-30,2022-04-30,2022-04-30,2022-04-30,2022-05-02,2022-05-02,2022-05-02,2021-08-11,2021-08-11,2022-04-30,2022-04-30,2022-04-30,2021-08-11,2022-04-30,2022-04-30,2022-04-30,2022-04-30,3.625
"Poland","National Government",2022-05-04,14,6,"0",2022-04-20,2022-04-20,2022-04-20,2022-04-20,2022-04-20,2022-04-20,2022-04-20,2022-04-20,2022-04-20,2022-04-20,2021-08-13,2021-08-13,2022-04-20,2022-04-20,2022-04-20,2021-08-13,2022-04-20,2022-04-20,2022-04-20,2022-04-20,14
"Portugal","National Government",2022-05-04,2,0,"0",2022-05-02,2022-05-02,2022-05-02,2022-05-02,2022-05-02,2022-05-02,2022-05-02,2022-05-02,2022-05-02,2022-05-02,2021-08-12,2021-08-12,2022-05-02,2022-05-02,2022-05-02,2021-08-12,2022-05-02,2022-05-02,2022-05-02,2022-05-02,2
"Puerto Rico","National Government",2022-05-04,9,0,"0",2022-04-25,2022-04-25,2022-04-25,2022-04-25,2022-04-25,2022-04-25,2022-04-25,2022-04-25,2022-04-25,2022-04-25,2021-08-09,2021-08-09,2022-04-25,2022-04-25,2022-04-25,2021-08-09,2022-04-25,2022-04-25,2022-04-25,2022-04-25,9
"Qatar","National Government",2022-05-04,16,0,"0",2022-04-18,2022-04-18,2022-04-18,2022-04-18,2022-04-18,2022-04-18,2022-04-18,2022-04-18,2022-04-18,2022-04-18,2021-07-19,2021-07-19,2022-04-18,2022-04-18,2022-04-18,2021-07-19,2022-04-18,2022-04-18,2022-04-18,2022-04-18,16
"Romania","National Government",2022-05-04,16,0,"0",2022-04-18,2022-04-18,2022-04-18,2022-04-18,2022-04-18,2022-04-18,2022-04-18,2022-04-18,2022-04-18,2022-04-18,2021-08-08,2021-08-08,2022-04-18,2022-04-18,2022-04-18,2021-08-08,2022-04-18,2022-04-18,2022-04-18,2022-04-18,16
"Russia","National Government",2022-05-04,2,0,"0",2022-05-02,2022-05-02,2022-05-02,2022-05-02,2022-05-02,2022-05-02,2022-05-02,2022-05-02,2022-05-02,2022-05-02,2021-08-09,2021-08-09,2022-05-02,2022-05-02,2022-05-02,2021-08-01,2022-05-02,2022-05-02,2022-05-02,2022-05-02,2
"Rwanda","National Government",2022-05-04,2.875,2,"0",2022-05-02,2022-05-02,2022-05-02,2022-05-02,2022-05-02,2022-05-02,2022-05-02,2022-05-02,2022-05-02,2022-05-02,2021-08-16,2021-08-16,2022-05-02,2022-05-02,2022-05-02,2021-08-16,2022-05-02,2022-04-18,2022-05-02,2022-05-02,2.875
"San Marino","National Government",2022-05-04,23,0,"0",2022-04-11,2022-04-11,2022-04-11,2022-04-11,2022-04-11,2022-04-11,2022-04-11,2022-04-11,2022-04-11,2022-04-11,2021-08-15,2021-08-15,2022-04-11,2022-04-11,2022-04-11,2021-08-15,2022-04-11,2022-04-11,2022-04-11,2022-04-11,23
"Saudi Arabia","National Government",2022-05-04,23,0,"0",2022-04-11,2022-04-11,2022-04-11,2022-04-11,2022-04-11,2022-04-11,2022-04-11,2022-04-11,2022-04-11,2022-04-11,2021-07-26,2021-07-26,2022-04-11,2022-04-11,2022-04-11,2021-07-26,2022-04-11,2022-04-11,2022-04-11,2022-04-11,23
"Senegal","National Government",2022-05-04,2,2,"0",2022-05-02,2022-05-02,2022-05-02,2022-05-02,2022-05-02,2022-05-02,2022-05-02,2022-05-02,2022-05-02,2022-05-02,2021-08-16,2021-08-16,2022-05-02,2022-05-02,2022-05-02,2021-08-16,2022-05-02,2022-05-02,2022-05-02,2022-05-02,2
"Serbia","National Government",2022-05-04,9,2,"0",2022-04-25,2022-04-25,2022-04-25,2022-04-25,2022-04-25,2022-04-25,2022-04-25,2022-04-25,2022-04-25,2022-04-25,2021-07-30,2021-07-30,2022-04-25,2022-04-25,2022-04-25,2021-07-30,2022-04-25,2022-04-25,2022-04-25,2022-04-25,9
"Seychelles","National Government",2022-05-04,9,0,"0",2022-04-25,2022-04-25,2022-04-25,2022-04-25,2022-04-25,2022-04-25,2022-04-25,2022-04-25,2022-04-25,2022-04-25,2021-08-10,2021-08-10,2022-04-25,2022-04-25,2022-04-25,2021-08-10,2022-04-25,2022-04-25,2022-04-25,2022-04-25,9
"Sierra Leone","National Government",2022-05-04,2,0,"0",2022-05-02,2022-05-02,2022-05-02,2022-05-02,2022-05-02,2022-05-02,2022-05-02,2022-05-02,2022-05-02,2022-05-02,2021-08-09,2021-08-09,2022-05-02,2022-05-02,2022-05-02,2021-08-09,2022-05-02,2022-05-02,2022-05-02,2022-05-02,2
"Singapore","National Government",2022-05-04,0,0,"0",2022-05-04,2022-05-04,2022-05-04,2022-05-04,2022-05-04,2022-05-04,2022-05-04,2022-05-04,2022-05-04,2022-05-04,2021-08-13,2021-08-13,2022-05-04,2022-05-04,2022-05-04,2021-08-13,2022-05-04,2022-05-04,2022-05-04,2022-05-04,0
"Slovak Republic","National Government",2022-05-04,9,0,"0",2022-04-25,2022-04-25,2022-04-25,2022-04-25,2022-04-25,2022-04-25,2022-04-25,2022-04-25,2022-04-25,2022-04-25,2021-08-07,2021-08-07,2022-04-25,2022-04-25,2022-04-25,2021-08-07,2022-04-25,2022-04-25,2022-04-25,2022-04-25,9
"Slovenia","National Government",2022-05-04,4,1,"0",2022-04-30,2022-04-30,2022-04-30,2022-04-30,2022-04-30,2022-04-30,2022-04-30,2022-04-30,2022-04-30,2022-04-30,2021-08-16,2021-08-16,2022-04-30,2022-04-30,2022-04-30,2021-08-16,2022-04-30,2022-04-30,2022-04-30,2022-04-30,4
"Solomon Islands","National Government",2022-05-04,10,0,"0",2022-04-24,2022-04-24,2022-04-24,2022-04-24,2022-04-24,2022-04-24,2022-04-24,2022-04-24,2022-04-24,2022-04-24,2021-07-19,2021-07-19,2022-04-24,2022-04-24,2022-04-24,2021-07-19,2022-04-24,2022-04-24,2022-04-24,2022-04-24,10
"Somalia","National Government",2022-05-04,16,0,"0",2022-04-18,2022-04-18,2022-04-18,2022-04-18,2022-04-18,2022-04-18,2022-04-18,2022-04-18,2022-04-18,2022-04-18,2021-08-08,2021-08-08,2022-04-18,2022-04-18,2022-04-18,2021-08-08,2022-04-18,2022-04-18,2022-04-18,2022-04-18,16
"South Africa","National Government",2022-05-04,2,2,"0",2022-05-02,2022-05-02,2022-05-02,2022-05-02,2022-05-02,2022-05-02,2022-05-02,2022-05-02,2022-05-02,2022-05-02,2021-08-15,2021-08-15,2022-05-02,2022-05-02,2022-05-02,2021-08-15,2022-05-02,2022-05-02,2022-05-02,2022-05-02,2
"South Korea","National Government",2022-05-04,3,0,"0",2022-05-01,2022-05-01,2022-05-01,2022-05-01,2022-05-01,2022-05-01,2022-05-01,2022-05-01,2022-05-01,2022-05-01,2021-08-15,2021-08-15,2022-05-01,2022-05-01,2022-05-01,2021-08-15,2022-05-01,2022-05-01,2022-05-01,2022-05-01,3
"South Sudan","National Government",2022-05-04,9,0,"0",2022-04-25,2022-04-25,2022-04-25,2022-04-25,2022-04-25,2022-04-25,2022-04-25,2022-04-25,2022-04-25,2022-04-25,2021-08-16,2021-08-16,2022-04-25,2022-04-25,2022-04-25,2021-08-16,2022-04-25,2022-04-25,2022-04-25,2022-04-25,9
"Spain","National Government",2022-05-04,48.875,0,"0",2022-03-21,2022-03-21,2022-03-21,2022-03-15,2022-03-15,2022-03-15,2022-03-15,2022-03-15,2022-03-15,2022-03-15,2021-08-16,2021-08-16,2022-03-15,2022-03-15,2022-03-15,2021-08-16,2022-03-15,2022-03-15,2022-03-15,2022-03-15,48.875
"Sri Lanka","National Government",2022-05-04,16,0,"0",2022-04-18,2022-04-18,2022-04-18,2022-04-18,2022-04-18,2022-04-18,2022-04-18,2022-04-18,2022-04-18,2022-04-18,2021-08-08,2021-08-08,2022-04-18,2022-04-18,2022-04-18,2021-08-08,2022-03-07,2022-04-18,2022-04-18,2022-04-18,16
"Sudan","National Government",2022-05-04,12,0,"0",2022-04-22,2022-04-22,2022-04-22,2022-04-22,2022-04-22,2022-04-22,2022-04-22,2022-04-22,2022-04-22,2022-04-22,2021-07-18,2021-07-18,2022-04-22,2022-04-22,2022-04-22,2021-07-18,2022-04-22,2022-04-22,2022-04-22,2022-04-22,12
"Suriname","National Government",2022-05-04,2,0,"0",2022-05-02,2022-05-02,2022-05-02,2022-05-02,2022-05-02,2022-05-02,2022-05-02,2022-05-02,2022-05-02,2022-05-02,2021-06-12,2021-06-12,2022-05-02,2022-05-02,2022-05-02,2021-06-12,2022-05-02,2022-05-02,2022-05-02,2022-05-02,2
"Sweden","National Government",2022-05-04,2,1,"0",2022-05-02,2022-05-02,2022-05-02,2022-05-02,2022-05-02,2022-05-02,2022-05-02,2022-05-02,2022-05-02,2022-05-02,2021-08-16,2021-08-16,2022-05-02,2022-05-02,2022-05-02,2021-08-16,2022-05-02,2022-05-02,2022-05-02,2022-05-02,2
"Switzerland","National Government",2022-05-04,16,1,"0",2022-04-18,2022-04-18,2022-04-18,2022-04-18,2022-04-18,2022-04-18,2022-04-18,2022-04-18,2022-04-18,2022-04-18,2021-08-16,2021-08-16,2022-04-18,2022-04-18,2022-04-18,2021-08-16,2022-04-18,2022-04-18,2022-04-18,2022-04-18,16
"Syria","National Government",2022-05-04,20,1,"0",2022-04-14,2022-04-14,2022-04-14,2022-04-14,2022-04-14,2022-04-14,2022-04-14,2022-04-14,2022-04-14,2022-04-14,2021-08-10,2021-08-10,2022-04-14,2022-04-14,2022-04-14,2021-08-10,2022-04-14,2022-04-14,2022-04-14,2022-04-14,20
"Taiwan","National Government",2022-05-04,3,0,"0",2022-05-01,2022-05-01,2022-05-01,2022-05-01,2022-05-01,2022-05-01,2022-05-01,2022-05-01,2022-05-01,2022-05-01,2021-08-11,2021-08-11,2022-05-01,2022-05-01,2022-05-01,2021-08-11,2022-03-22,2022-05-01,2022-05-01,2022-05-01,3
"Tajikistan","National Government",2022-05-04,14,0,"0",2022-04-20,2022-04-20,2022-04-20,2022-04-20,2022-04-20,2022-04-20,2022-04-20,2022-04-20,2022-04-20,2022-04-20,2021-08-15,2021-08-15,2022-04-20,2022-04-20,2022-04-20,2021-08-15,2022-04-20,2022-04-20,2022-04-20,2022-04-20,14
"Tanzania","National Government",2022-05-04,9,0,"0",2022-04-25,2022-04-25,2022-04-25,2022-04-25,2022-04-25,2022-04-25,2022-04-25,2022-04-25,2022-04-25,2022-04-25,2021-08-08,2021-08-08,2022-04-25,2022-04-25,2022-04-25,2021-08-08,2022-04-25,2022-04-25,2022-04-25,2022-04-25,9
"Thailand","National Government",2022-05-04,4,2,"0",2022-04-30,2022-04-30,2022-04-30,2022-04-30,2022-04-30,2022-04-30,2022-04-30,2022-04-30,2022-04-30,2022-04-30,2021-08-16,2021-08-16,2022-04-30,2022-04-30,2022-04-30,2021-08-16,2022-04-30,2022-04-30,2022-04-30,2022-04-30,4
"Timor-Leste","National Government",2022-05-04,2,0,"1",2022-05-02,2022-05-02,2022-05-02,2022-05-02,2022-05-02,2022-05-02,2022-05-02,2022-05-02,2022-05-02,2022-05-02,2021-08-15,2021-08-15,2022-05-02,2022-05-02,2022-05-02,2021-08-15,2022-05-02,2022-05-02,2022-05-02,2022-05-02,2.0625
"Togo","National Government",2022-05-04,14.6875,1,"0",2022-04-26,2022-04-26,2022-04-26,2022-04-05,2022-04-26,2022-04-26,2022-04-26,2022-04-26,2022-03-14,2022-03-14,2021-08-16,2021-08-02,2022-04-26,2022-04-26,2022-04-26,2021-08-02,2022-03-14,2022-04-26,2022-04-26,2022-04-26,14.6875
"Tonga","National Government",2022-05-04,2,0,"0",2022-05-02,2022-05-02,2022-05-02,2022-05-02,2022-05-02,2022-05-02,2022-05-02,2022-05-02,2022-05-02,2022-05-02,2021-07-26,2021-07-26,2022-05-02,2022-05-02,2022-05-02,2021-07-26,2022-05-02,2022-05-02,2022-05-02,2022-05-02,2
"Trinidad and Tobago","National Government",2022-05-04,17,0,"0",2022-04-17,2022-04-17,2022-04-17,2022-04-17,2022-04-17,2022-04-17,2022-04-17,2022-04-17,2022-04-17,2022-04-17,2021-06-21,2021-06-21,2022-04-17,2022-04-17,2022-04-17,2021-06-21,2022-03-13,2022-04-17,2022-04-17,2022-04-17,17
"Tunisia","National Government",2022-05-04,23,1,"0",2022-04-11,2022-04-11,2022-04-11,2022-04-11,2022-04-11,2022-04-11,2022-04-11,2022-04-11,2022-04-11,2022-04-11,2021-07-25,2021-07-23,2022-04-11,2022-04-11,2022-04-11,2021-07-25,2022-04-11,2022-04-11,2022-04-11,2022-04-11,23
"Turkey","National Government",2022-05-04,2,2,"0",2022-05-02,2022-05-02,2022-05-02,2022-05-02,2022-05-02,2022-05-02,2022-05-02,2022-05-02,2022-05-02,2022-05-02,2021-08-11,2021-08-11,2022-05-02,2022-05-02,2022-05-02,2021-08-11,2022-05-02,2022-05-02,2022-05-02,2022-05-02,2
"Turkmenistan","National Government",2022-05-04,30,0,"0",2022-04-04,2022-04-04,2022-04-04,2022-04-04,2022-04-04,2022-04-04,2022-04-04,2022-04-04,2022-04-04,2022-04-04,2021-08-09,2021-08-09,2022-04-04,2022-04-04,2022-04-04,2021-08-09,2022-03-15,2022-04-04,2022-04-04,2022-04-04,30
"Uganda","National Government",2022-05-04,16,0,"0",2022-04-18,2022-04-18,2022-04-18,2022-04-18,2022-04-18,2022-04-18,2022-04-18,2022-04-18,2022-04-18,2022-04-18,2021-08-10,2021-08-10,2022-04-18,2022-04-18,2022-04-18,2021-08-10,2022-04-18,2022-04-18,2022-04-18,2022-04-18,16
"Ukraine","National Government",2022-05-04,10,2,"0",2022-04-24,2022-04-24,2022-04-24,2022-04-24,2022-04-24,2022-04-24,2022-04-24,2022-04-24,2022-04-24,2022-04-24,2021-08-01,2021-08-01,2022-04-24,2022-04-24,2022-04-24,2021-08-01,2022-04-24,2022-04-24,2022-04-24,2022-04-24,10
"United Arab Emirates","National Government",2022-05-04,16,0,"0",2022-04-18,2022-04-18,2022-04-18,2022-04-18,2022-04-18,2022-04-18,2022-04-18,2022-04-18,2022-04-18,2022-04-18,2021-08-16,2021-08-16,2022-04-18,2022-04-18,2022-04-18,2021-08-16,2022-04-18,2022-04-18,2022-04-18,2022-04-18,16
"United Kingdom","National Government",2022-05-04,5,0,"0",2022-04-29,2022-04-29,2022-04-29,2022-04-29,2022-04-29,2022-04-29,2022-04-29,2022-04-29,2022-04-29,2022-04-29,2021-08-13,2021-08-13,2022-04-29,2022-04-29,2022-04-29,2021-08-13,2022-04-29,2022-04-29,2022-04-29,2022-04-29,5
"United Kingdom","England",2022-05-04,5,0,"20",2022-04-29,2022-04-29,2022-04-29,2022-04-29,2022-04-29,2022-04-29,2022-04-29,2022-04-29,2022-04-29,2022-04-29,2021-08-13,2021-08-13,2022-04-29,2022-04-29,2022-04-29,2021-08-13,2022-04-29,2022-04-29,2022-04-29,2022-04-29,6.25
"United Kingdom","Northern Ireland",2022-05-04,5,0,"20",2022-04-29,2022-04-29,2022-04-29,2022-04-29,2022-04-29,2022-04-29,2022-04-29,2022-04-29,2022-04-29,2022-04-29,2021-08-13,2021-08-13,2022-04-29,2022-04-29,2022-04-29,2021-08-13,2022-04-29,2022-04-29,2022-04-29,2022-04-29,6.25
"United Kingdom","Scotland",2022-05-04,5,0,"21",2022-04-29,2022-04-29,2022-04-29,2022-04-29,2022-04-29,2022-04-29,2022-04-29,2022-04-29,2022-04-29,2022-04-29,2021-08-13,2021-08-13,2022-04-29,2022-04-29,2022-04-29,2021-08-13,2022-04-29,2022-04-29,2022-04-29,2022-04-29,6.3125
"United Kingdom","Wales",2022-05-04,5,0,"21",2022-04-29,2022-04-29,2022-04-29,2022-04-29,2022-04-29,2022-04-29,2022-04-29,2022-04-29,2022-04-29,2022-04-29,2021-08-13,2021-08-13,2022-04-29,2022-04-29,2022-04-29,2021-08-13,2022-04-29,2022-04-29,2022-04-29,2022-04-29,6.3125
"United States","Michigan",2022-05-04,12.625,0,"0",2022-04-20,2022-04-20,2022-04-20,2022-04-20,2022-04-20,2022-04-20,2022-04-20,2022-04-20,2022-05-01,2022-05-01,2021-08-16,2021-08-16,2022-04-20,2022-04-20,2022-04-20,2021-08-16,2022-02-28,2022-04-20,2022-04-20,2022-04-20,12.625
"United States","Nebraska",2022-05-04,11,1,"0",2022-04-23,2022-04-23,2022-04-23,2022-04-23,2022-04-23,2022-04-23,2022-04-23,2022-04-23,2022-04-23,2022-04-23,-Inf,-Inf,2022-04-23,2022-04-23,2022-04-23,-Inf,2021-09-20,2022-04-23,2022-04-23,2022-04-23,11
"United States","Oregon",2022-05-04,11,12,"0",2022-04-23,2022-04-23,2022-04-23,2022-04-23,2022-04-23,2022-04-23,2022-04-23,2022-04-23,2022-04-23,2022-04-23,2021-04-11,2021-04-11,2022-04-23,2022-04-23,2022-04-23,2021-06-28,2021-11-22,2022-04-23,2022-04-23,2022-04-23,11
"United States","Louisiana",2022-05-04,10.375,9,"32",2022-05-01,2022-05-01,2022-05-01,2022-05-01,2022-05-01,2022-04-21,2022-05-01,2022-04-03,2022-04-21,2022-04-21,-Inf,-Inf,2022-04-21,2022-04-21,2022-04-21,-Inf,-Inf,2022-04-21,2022-04-21,2022-04-21,12.375
"United States","Indiana",2022-05-04,10,12,"0",2022-04-24,2022-04-24,2022-04-24,2022-04-24,2022-04-24,2022-04-24,2022-04-24,2022-04-24,2022-04-24,2022-04-24,2021-08-08,2021-08-08,2022-04-24,2022-04-24,2022-04-24,2021-08-08,2021-10-11,2022-04-24,2022-04-24,2022-04-24,10
"United States","Arizona",2022-05-04,9,7,"0",2022-04-25,2022-04-25,2022-04-25,2022-04-25,2022-04-25,2022-04-25,2022-04-25,2022-04-25,2022-04-25,2022-04-25,2021-07-05,2021-07-05,2022-04-25,2022-04-25,2022-04-25,2021-07-05,2022-02-07,2022-04-25,2022-04-25,2022-04-25,9
"United States","Colorado",2022-05-04,9,0,"0",2022-04-25,2022-04-25,2022-04-25,2022-04-25,2022-04-25,2022-04-25,2022-04-25,2022-04-25,2022-04-25,2022-04-25,-Inf,-Inf,2022-04-25,2022-04-25,2022-04-25,-Inf,2022-03-28,2022-04-25,2022-04-25,2022-04-25,9
"United States","Connecticut",2022-05-04,9,0,"0",2022-04-25,2022-04-25,2022-04-25,2022-04-25,2022-04-25,2022-04-25,2022-04-25,2022-04-25,2022-04-25,2022-04-25,2021-03-15,-Inf,2022-04-25,2022-04-25,2022-04-25,2021-02-04,2021-12-10,2022-04-25,2022-04-25,2022-04-25,9
"United States","Illinois",2022-05-04,9,9,"0",2022-04-25,2022-04-25,2022-04-25,2022-04-25,2022-04-25,2022-04-25,2022-04-25,2022-04-25,2022-04-25,2022-04-25,2021-08-16,2021-08-16,2022-04-25,2022-04-25,2022-04-25,2021-08-16,2021-09-27,2022-04-25,2022-04-25,2022-04-25,9
"United States","Minnesota",2022-05-04,9,7,"140",2022-04-25,2022-04-25,2022-04-25,2022-04-25,2022-04-25,2022-04-25,2022-04-25,2022-04-25,2022-04-25,2022-04-25,2020-12-06,2020-12-06,2022-04-25,2022-04-25,2022-04-25,2020-12-06,2020-12-06,2022-04-25,2022-04-25,2022-04-25,17.75
"United States","North Carolina",2022-05-04,9,0,"1",2022-04-25,2022-04-25,2022-04-25,2022-04-25,2022-04-25,2022-04-25,2022-04-25,2022-04-25,2022-04-25,2022-04-25,-Inf,-Inf,2022-04-25,2022-04-25,2022-04-25,-Inf,-Inf,2022-04-25,2022-04-25,2022-04-25,9.0625
"United States","New Mexico",2022-05-04,9,7,"0",2022-04-25,2022-04-25,2022-04-25,2022-04-25,2022-04-25,2022-04-25,2022-04-25,2022-04-25,2022-04-25,2022-04-25,2021-07-06,2021-07-06,2022-04-25,2022-04-25,2022-04-25,2021-07-06,2021-11-15,2022-04-25,2022-04-25,2022-04-25,9
"United States","Nevada",2022-05-04,9,8,"128",2022-04-25,2022-04-25,2022-04-25,2022-04-25,2022-04-25,2022-04-25,2022-04-25,2022-04-25,2022-04-25,2022-04-25,2021-07-07,2021-07-07,2022-04-25,2022-04-25,2022-04-25,2021-07-07,2021-07-07,2022-04-25,2022-04-25,2022-04-25,17
"United States","Vermont",2022-05-04,9,9,"4",2022-04-25,2022-04-25,2022-04-25,2022-04-25,2022-04-25,2022-04-25,2022-04-25,2022-04-25,2022-04-25,2022-04-25,-Inf,-Inf,2022-04-25,2022-04-25,2022-04-25,-Inf,2022-04-25,2022-04-25,2022-04-25,2022-04-25,9.25
"United States","Wisconsin",2022-05-04,9,0,"7",2022-04-25,2022-04-25,2022-04-25,2022-04-25,2022-04-25,2022-04-25,2022-04-25,2022-04-25,2022-04-25,2022-04-25,2021-08-08,2021-08-08,2022-04-25,2022-04-25,2022-04-25,2021-08-08,2022-02-21,2022-04-25,2022-04-25,2022-04-25,9.4375
"United States","Wyoming",2022-05-04,8.5,11,"0",2022-04-25,2022-04-25,2022-04-25,2022-04-25,2022-05-03,2022-04-25,2022-04-25,2022-04-25,2022-04-25,2022-04-25,2020-08-06,2020-08-06,2022-04-25,2022-04-25,2022-04-25,-Inf,2020-07-24,2022-04-25,2022-04-25,2022-04-25,8.5
"United States","Maryland",2022-05-04,8,0,"12",2022-04-26,2022-04-26,2022-04-26,2022-04-26,2022-04-26,2022-04-26,2022-04-26,2022-04-26,2022-04-26,2022-04-26,2021-02-12,2020-12-07,2022-04-26,2022-04-26,2022-04-26,2020-12-07,2020-12-07,2022-04-26,2022-04-26,2022-04-26,8.75
"United States","Pennsylvania",2022-05-04,7.5,0,"0",2022-04-27,2022-04-27,2022-04-27,2022-04-27,2022-04-19,2022-04-27,2022-04-27,2022-04-27,2022-04-27,2022-04-27,2021-05-08,2021-05-08,2022-04-27,2022-04-27,2022-04-27,2021-05-08,2022-04-27,2022-04-27,2022-04-27,2022-04-27,7.5
"United States","South Carolina",2022-05-04,7.25,8,"385",2022-05-02,2022-05-02,2022-05-02,2022-05-02,2022-05-02,2022-05-02,2022-05-02,2022-05-02,2022-03-21,2022-03-21,2021-08-16,2021-08-16,2022-05-02,2022-05-02,2022-05-02,2021-08-16,2021-08-23,2022-05-02,2022-05-02,2022-05-02,31.3125
"United States","Alabama",2022-05-04,7,8,"80",2022-04-27,2022-04-27,2022-04-27,2022-04-27,2022-04-27,2022-04-27,2022-04-27,2022-04-27,2022-04-27,2022-04-27,2021-04-05,2021-04-05,2022-04-27,2022-04-27,2022-04-27,2021-04-05,2022-03-16,2022-04-27,2022-04-27,2022-04-27,12
"United States","Oklahoma",2022-05-04,7,9,"384",2022-04-27,2022-04-27,2022-04-27,2022-04-27,2022-04-27,2022-04-27,2022-04-27,2022-04-27,2022-04-27,2022-04-27,2021-08-02,2021-08-02,2022-04-27,2022-04-27,2022-04-27,2021-08-02,2021-10-11,2022-04-27,2022-04-27,2022-04-27,31
"United States","Ohio",2022-05-04,6.75,0,"83",2022-05-02,2022-05-02,2022-05-02,2022-04-18,2022-05-02,2022-05-02,2022-04-12,2022-05-02,2022-04-18,2022-05-02,-Inf,-Inf,2022-05-02,2022-05-02,2022-05-02,-Inf,2022-04-18,2022-04-18,2022-05-02,2022-04-18,11.9375
"United States","Arkansas",2022-05-04,6.3125,7,"0",2022-04-29,2022-04-29,2022-04-29,2022-04-29,2022-04-29,2022-04-29,2022-04-29,2022-04-08,2022-04-29,2022-04-29,2021-08-15,2021-08-15,2022-04-29,2022-04-29,2022-04-29,2021-08-15,2022-03-22,2022-04-29,2022-04-29,2022-04-29,6.3125
"United States","California",2022-05-04,6,10,"0",2022-04-28,2022-04-28,2022-04-28,2022-04-28,2022-04-28,2022-04-28,2022-04-28,2022-04-28,2022-04-28,2022-04-28,2021-08-01,2021-08-01,2022-04-28,2022-04-28,2022-04-28,2021-08-01,2021-10-25,2022-04-28,2022-04-28,2022-04-28,6
"United States","Florida",2022-05-04,6,1,"0",2022-04-28,2022-04-28,2022-04-28,2022-04-28,2022-04-28,2022-04-28,2022-04-28,2022-04-28,2022-04-28,2022-04-28,2021-08-16,2021-08-16,2022-04-28,2022-04-28,2022-04-28,2021-08-16,2022-04-17,2022-04-28,2022-04-28,2022-04-28,6
"United States","Iowa",2022-05-04,5,4,"0",2022-04-29,2022-04-29,2022-04-29,2022-04-29,2022-04-29,2022-04-29,2022-04-29,2022-04-29,2022-04-29,2022-04-29,2020-08-19,2020-08-19,2022-04-29,2022-04-29,2022-04-29,2020-08-11,2021-11-01,2022-04-29,2022-04-29,2022-04-29,5
"United States","Alaska",2022-05-04,4.6875,0,"0",2022-05-01,2022-05-01,2022-05-01,2022-05-01,2022-05-01,2022-05-01,2022-05-01,2022-05-01,2022-05-01,2022-04-04,2021-08-04,2021-08-04,2022-05-01,2022-05-01,2022-05-01,2021-08-04,2021-10-04,2022-05-01,2022-05-01,2022-05-01,4.6875
"United States","Georgia",2022-05-04,3,1,"1",2022-05-01,2022-05-01,2022-05-01,2022-05-01,2022-05-01,2022-05-01,2022-05-01,2022-05-01,2022-05-01,2022-05-01,2021-08-17,2021-08-17,2022-05-01,2022-05-01,2022-05-01,2021-08-17,2022-04-19,2022-05-01,2022-05-01,2022-05-01,3.0625
"United States","Texas",2022-05-04,3,0,"1",2022-05-01,2022-05-01,2022-05-01,2022-05-01,2022-05-01,2022-05-01,2022-05-01,2022-05-01,2022-05-01,2022-05-01,2021-08-02,2021-08-02,2022-05-01,2022-05-01,2022-05-01,2021-08-02,2022-03-01,2022-05-01,2022-05-01,2022-05-01,3.0625
"United States","Utah",2022-05-04,3,0,"0",2022-05-01,2022-05-01,2022-05-01,2022-05-01,2022-05-01,2022-05-01,2022-05-01,2022-05-01,2022-05-01,2022-05-01,2021-07-07,2021-07-07,2022-05-01,2022-05-01,2022-05-01,2021-07-08,2022-03-14,2022-05-01,2022-05-01,2022-05-01,3
"United States","National Government",2022-05-04,2.25,0,"0",2022-05-04,2022-05-04,2022-05-04,2022-05-04,2022-05-04,2022-05-04,2022-05-04,2022-04-25,2022-04-25,2022-04-25,2021-07-05,2021-07-05,2022-04-25,2022-05-04,2022-05-04,2021-07-05,2021-12-01,2022-05-04,2022-05-04,2022-05-04,2.25
"United States","Delaware",2022-05-04,2,0,"2",2022-05-02,2022-05-02,2022-05-02,2022-05-02,2022-05-02,2022-05-02,2022-05-02,2022-05-02,2022-05-02,2022-05-02,2021-05-16,2021-05-16,2022-05-02,2022-05-02,2022-05-02,2021-05-16,2021-10-25,2022-05-02,2022-05-02,2022-05-02,2.125
"United States","Hawaii",2022-05-04,2,0,"1",2022-05-02,2022-05-02,2022-05-02,2022-05-02,2022-05-02,2022-05-02,2022-05-02,2022-05-02,2022-05-02,2022-05-02,2021-07-19,2021-07-19,2022-05-02,2022-05-02,2022-05-02,2021-07-19,2021-10-16,2022-05-02,2022-05-02,2022-05-02,2.0625
"United States","Idaho",2022-05-04,2,0,"23",2022-05-02,2022-05-02,2022-05-02,2022-05-02,2022-05-02,2022-05-02,2022-05-02,2022-05-02,2022-05-02,2022-05-02,-Inf,-Inf,2022-05-02,2022-05-02,2022-05-02,2020-03-06,2022-02-14,2022-05-02,2022-05-02,2022-05-02,3.4375
"United States","Kansas",2022-05-04,2,1,"9",2022-05-02,2022-05-02,2022-05-02,2022-05-02,2022-05-02,2022-05-02,2022-05-02,2022-05-02,2022-05-02,2022-05-02,-Inf,-Inf,2022-05-02,2022-05-02,2022-05-02,-Inf,2022-04-11,2022-05-02,2022-05-02,2022-05-02,2.5625
"United States","Kentucky",2022-05-04,2,0,"0",2022-05-02,2022-05-02,2022-05-02,2022-05-02,2022-05-02,2022-05-02,2022-05-02,2022-05-02,2022-05-02,2022-05-02,2021-02-22,2021-02-22,2022-05-02,2022-05-02,2022-05-02,2021-02-22,2022-04-11,2022-05-02,2022-05-02,2022-05-02,2
"United States","Maine",2022-05-04,2,1,"1",2022-05-02,2022-05-02,2022-05-02,2022-05-02,2022-05-02,2022-05-02,2022-05-02,2022-05-02,2022-05-02,2022-05-02,2021-03-22,2021-03-22,2022-05-02,2022-05-02,2022-05-02,2021-03-22,2021-03-22,2022-05-02,2022-05-02,2022-05-02,2.0625
"United States","Mississippi",2022-05-04,2,0,"8",2022-05-02,2022-05-02,2022-05-02,2022-05-02,2022-05-02,2022-05-02,2022-05-02,2022-05-02,2022-05-02,2022-05-02,-Inf,-Inf,2022-05-02,2022-05-02,2022-05-02,-Inf,2022-04-26,2022-05-02,2022-05-02,2022-05-02,2.5
"United States","Montana",2022-05-04,2,1,"3",2022-05-02,2022-05-02,2022-05-02,2022-05-02,2022-05-02,2022-05-02,2022-05-02,2022-05-02,2022-05-02,2022-05-02,2021-06-01,2021-06-01,2022-05-02,2022-05-02,2022-05-02,2021-03-30,2022-01-17,2022-05-02,2022-05-02,2022-05-02,2.1875
"United States","North Dakota",2022-05-04,2,10,"112",2022-05-02,2022-05-02,2022-05-02,2022-05-02,2022-05-02,2022-05-02,2022-05-02,2022-05-02,2022-05-02,2022-05-02,-Inf,-Inf,2022-05-02,2022-05-02,2022-05-02,-Inf,2021-10-07,2022-05-02,2022-05-02,2022-05-02,9
"United States","New Jersey",2022-05-04,2,9,"2",2022-05-02,2022-05-02,2022-05-02,2022-05-02,2022-05-02,2022-05-02,2022-05-02,2022-05-02,2022-05-02,2022-05-02,-Inf,-Inf,2022-05-02,2022-05-02,2022-05-02,2020-12-21,2020-12-21,2022-05-02,2022-05-02,2022-05-02,2.125
"United States","New York",2022-05-04,2,0,"0",2022-05-02,2022-05-02,2022-05-02,2022-05-02,2022-05-02,2022-05-02,2022-05-02,2022-05-02,2022-05-02,2022-05-02,2020-11-30,2020-11-30,2022-05-02,2022-05-02,2022-05-02,2020-11-30,2020-11-30,2022-05-02,2022-05-02,2022-05-02,2
"United States","Rhode Island",2022-05-04,2,0,"14",2022-05-02,2022-05-02,2022-05-02,2022-05-02,2022-05-02,2022-05-02,2022-05-02,2022-05-02,2022-05-02,2022-05-02,-Inf,-Inf,2022-05-02,2022-05-02,2022-05-02,-Inf,2022-01-24,2022-05-02,2022-05-02,2022-05-02,2.875
"United States","Tennessee",2022-05-04,2,0,"19",2022-05-02,2022-05-02,2022-05-02,2022-05-02,2022-05-02,2022-05-02,2022-05-02,2022-05-02,2022-05-02,2022-05-02,2021-04-19,2021-04-19,2022-05-02,2022-05-02,2022-05-02,2021-04-19,2022-02-08,2022-05-02,2022-05-02,2022-05-02,3.1875
"United States","Washington",2022-05-04,2,4,"0",2022-05-02,2022-05-02,2022-05-02,2022-05-02,2022-05-02,2022-05-02,2022-05-02,2022-05-02,2022-05-02,2022-05-02,2021-04-05,2021-04-05,2022-05-02,2022-05-02,2022-05-02,2021-08-06,2021-11-03,2022-05-02,2022-05-02,2022-05-02,2
"United States","West Virginia",2022-05-04,2,11,"16",2022-05-02,2022-05-02,2022-05-02,2022-05-02,2022-05-02,2022-05-02,2022-05-02,2022-05-02,2022-05-02,2022-05-02,2021-07-19,2021-07-19,2022-05-02,2022-05-02,2022-05-02,2021-08-16,2022-05-02,2022-05-02,2022-05-02,2022-05-02,3
"United States","Virginia",2022-05-04,1.9375,1,"0",2022-05-02,2022-05-03,2022-05-02,2022-05-02,2022-05-02,2022-05-02,2022-05-02,2022-05-02,2022-05-02,2022-05-02,2021-07-19,2021-07-19,2022-05-02,2022-05-02,2022-05-02,2021-07-19,2022-05-02,2022-05-02,2022-05-02,2022-05-02,1.9375
"United States","Washington DC",2022-05-04,1,0,"0",2022-05-03,2022-05-03,2022-05-03,2022-05-03,2022-05-03,2022-05-03,2022-05-03,2022-05-03,2022-05-03,2022-05-03,2020-11-23,2020-11-23,2022-05-03,2022-05-03,2022-05-03,2020-11-23,2020-11-23,2022-05-03,2022-05-03,2022-05-03,1
"United States","Massachusetts",2022-05-04,1,14,"0",2022-05-03,2022-05-03,2022-05-03,2022-05-03,2022-05-03,2022-05-03,2022-05-03,2022-05-03,2022-05-03,2022-05-03,2021-06-30,2021-06-30,2022-05-03,2022-05-03,2022-05-03,2021-06-14,2021-06-14,2022-05-03,2022-05-03,2022-05-03,1
"United States","Missouri",2022-05-04,1,0,"0",2022-05-03,2022-05-03,2022-05-03,2022-05-03,2022-05-03,2022-05-03,2022-05-03,2022-05-03,2022-05-03,2022-05-03,2020-08-26,-Inf,2022-05-03,2022-05-03,2022-05-03,-Inf,2022-02-28,2022-05-03,2022-05-03,2022-05-03,1
"United States","New Hampshire",2022-05-04,0,4,"5",2022-05-04,2022-05-04,2022-05-04,2022-05-04,2022-05-04,2022-05-04,2022-05-04,2022-05-04,2022-05-04,2022-05-04,-Inf,-Inf,2022-05-04,2022-05-04,2022-05-04,-Inf,2022-01-18,2022-05-04,2022-05-04,2022-05-04,0.3125
"United States","South Dakota",2022-05-04,0,0,"0",2022-05-04,2022-05-04,2022-05-04,2022-05-04,2022-05-04,2022-05-04,2022-05-04,2022-05-04,2022-05-04,2022-05-04,2021-02-01,2021-02-01,2022-05-04,2022-05-04,2022-05-04,2020-12-07,2022-03-09,2022-05-04,2022-05-04,2022-05-04,0
"United States Virgin Islands","National Government",2022-05-04,31,0,"0",2022-04-03,2022-04-03,2022-04-03,2022-04-03,2022-04-03,2022-04-03,2022-04-03,2022-04-03,2022-04-03,2022-04-03,2021-06-28,2021-06-28,2022-04-03,2022-04-03,2022-04-03,2021-06-28,2022-04-03,2022-04-03,2022-04-03,2022-04-03,31
"Uruguay","National Government",2022-05-04,16,0,"0",2022-04-18,2022-04-18,2022-04-18,2022-04-18,2022-04-18,2022-04-18,2022-04-18,2022-04-18,2022-04-18,2022-04-18,2021-08-16,2021-08-16,2022-04-18,2022-04-18,2022-04-18,2021-08-16,2022-04-18,2022-04-18,2022-04-18,2022-04-18,16
"Uzbekistan","National Government",2022-05-04,17,4,"0",2022-04-17,2022-04-17,2022-04-17,2022-04-17,2022-04-17,2022-04-17,2022-04-17,2022-04-17,2022-04-17,2022-04-17,2021-08-15,2021-08-15,2022-04-17,2022-04-17,2022-04-17,2021-08-15,2022-03-27,2022-04-17,2022-04-17,2022-04-17,17
"Vanuatu","National Government",2022-05-04,2,0,"0",2022-05-02,2022-05-02,2022-05-02,2022-05-02,2022-05-02,2022-05-02,2022-05-02,2022-05-02,2022-05-02,2022-05-02,2021-08-16,2021-08-16,2022-05-02,2022-05-02,2022-05-02,2021-08-16,2022-05-02,2022-05-02,2022-05-02,2022-05-02,2
"Venezuela","National Government",2022-05-04,2,2,"0",2022-05-02,2022-05-02,2022-05-02,2022-05-02,2022-05-02,2022-05-02,2022-05-02,2022-05-02,2022-05-02,2022-05-02,2021-08-15,2021-08-15,2022-05-02,2022-05-02,2022-05-02,2021-08-15,2022-05-02,2022-05-02,2022-05-02,2022-05-02,2
"Vietnam","National Government",2022-05-04,2,3,"0",2022-05-02,2022-05-02,2022-05-02,2022-05-02,2022-05-02,2022-05-02,2022-05-02,2022-05-02,2022-05-02,2022-05-02,2021-08-16,2021-08-16,2022-05-02,2022-05-02,2022-05-02,2021-08-16,2022-05-02,2022-05-02,2022-05-02,2022-05-02,2
"Yemen","National Government",2022-05-04,10,1,"0",2022-04-24,2022-04-24,2022-04-24,2022-04-24,2022-04-24,2022-04-24,2022-04-24,2022-04-24,2022-04-24,2022-04-24,2021-07-19,2021-07-19,2022-04-24,2022-04-24,2022-04-24,2021-07-19,2022-04-24,2022-04-24,2022-04-24,2022-04-24,10
"Zambia","National Government",2022-05-04,23,2,"0",2022-04-11,2022-04-11,2022-04-11,2022-04-11,2022-04-11,2022-04-11,2022-04-11,2022-04-11,2022-04-11,2022-04-11,2021-08-16,2021-08-16,2022-04-11,2022-04-11,2022-04-11,2021-08-16,2022-04-11,2022-04-11,2022-04-11,2022-04-11,23
"Zimbabwe","National Government",2022-05-04,23,0,"0",2022-04-11,2022-04-11,2022-04-11,2022-04-11,2022-04-11,2022-04-11,2022-04-11,2022-04-11,2022-04-11,2022-04-11,2021-08-15,2021-08-15,2022-04-11,2022-04-11,2022-04-11,2021-08-15,2022-04-11,2022-04-11,2022-04-11,2022-04-11,23
